tsize,tcount,CHPCount,ppv,pw,pc,ebat,pbat1,pmgi,mintimeup,mintimedown,cbatinitial,socinitial,socmin,socmax,clearingprice,costa,costb,costc,
1,1440,10,0.4661745,0.8857471,9.62908,20,3,1.4,300,300,1,0.56,0.25,0.75,62.6,0.042,5.232,33.227,
,,,0.4661745,0.7760839,9.62908,,,2,150,150,,,,,62.6,0.029,7.225,49.102,
,,,0.4667262,0.7759976,9.62908,,,0.8,60,60,,,,,62.6,0.214,6.223,22.547,
,,,0.4667262,0.8099159,9.668537,,,0.8,75,75,,,,,62.6,0.544,3.899,28.921,
,,,0.4667262,0.8173465,9.668537,,,0.9,80,80,,,,,62.6,0.321,5.221,22.881,
,,,0.4667262,0.7632875,9.668537,,,0.5,30,30,,,,,62.6,0.1364,4.5995,13.459,
,,,0.4668365,0.7803055,9.668535,,,0.8,30,30,,,,,62.6,0.568,6.023,15.596,
,,,0.4668733,0.7073052,9.686963,,,0.8,15,15,,,,,62.6,0.233,5.921,14.992,
,,,0.4668733,0.707917,9.686963,,,0.45,45,45,,,,,62.6,0.678,8.934,11.001,
,,,0.4668733,0.707917,9.686963,,,0.25,30,30,,,,,62.6,0.312,8.564,6.589,
,,,0.4668733,0.7409983,9.735369,,,,,,,,,,62.6,,,,
,,,0.4668733,0.701038,9.735369,,,,,,,,,,62.6,,,,
,,,0.4668733,0.7001122,9.735369,,,,,,,,,,62.6,,,,
,,,0.4668733,0.7001134,9.722186,,,,,,,,,,62.6,,,,
,,,0.4668733,0.7109454,9.722186,,,,,,,,,,62.6,,,,
,,,0.470037,0.6971738,9.738519,,,,,,,,,,62.6,,,,
,,,0.4699549,0.6971755,9.736399,,,,,,,,,,62.6,,,,
,,,0.4699496,0.6423672,9.784803,,,,,,,,,,62.6,,,,
,,,0.4699496,0.6472932,9.778973,,,,,,,,,,62.6,,,,
,,,0.4699496,0.6597465,9.778973,,,,,,,,,,62.6,,,,
,,,0.4699496,0.6715546,9.778973,,,,,,,,,,62.6,,,,
,,,0.4700967,0.6250588,9.778973,,,,,,,,,,62.6,,,,
,,,0.4700967,0.6493207,9.778973,,,,,,,,,,62.6,,,,
,,,0.4700967,0.6537791,9.778973,,,,,,,,,,62.6,,,,
,,,0.4700967,0.6620911,9.822826,,,,,,,,,,62.6,,,,
,,,0.4700967,0.6620899,9.822826,,,,,,,,,,62.6,,,,
,,,0.4699357,0.6620899,9.822826,,,,,,,,,,62.6,,,,
,,,0.4700093,0.5979149,9.803098,,,,,,,,,,62.6,,,,
,,,0.4700093,0.6305294,9.803098,,,,,,,,,,62.6,,,,
,,,0.4700093,0.6057851,9.910688,,,,,,,,,,62.6,,,,
,,,0.4700093,0.6057851,9.910688,,,,,,,,,,62.6,,,,
,,,0.4700093,0.5924796,9.910688,,,,,,,,,,62.6,,,,
,,,0.4700093,0.5924796,9.910688,,,,,,,,,,62.6,,,,
,,,0.4700093,0.5924796,9.910688,,,,,,,,,,62.6,,,,
,,,0.4700093,0.5785152,9.917337,,,,,,,,,,62.6,,,,
,,,0.4700093,0.5785362,9.917338,,,,,,,,,,62.6,,,,
,,,0.5044001,0.579954,9.799209,,,,,,,,,,62.6,,,,
,,,0.5043974,0.5840048,9.935475,,,,,,,,,,62.6,,,,
,,,0.5043974,0.5840071,9.935475,,,,,,,,,,62.6,,,,
,,,0.5615125,0.5466586,9.91419,,,,,,,,,,62.6,,,,
,,,0.5615125,0.594807,9.826325,,,,,,,,,,62.6,,,,
,,,0.584415,0.5765394,9.826325,,,,,,,,,,62.6,,,,
,,,0.584415,0.5348273,9.944457,,,,,,,,,,62.6,,,,
,,,0.584415,0.5348273,9.944282,,,,,,,,,,62.6,,,,
,,,0.6302201,0.5530948,9.92212,,,,,,,,,,62.6,,,,
,,,0.6302201,0.5530838,9.937168,,,,,,,,,,62.6,,,,
,,,0.6646366,0.5530977,9.93867,,,,,,,,,,62.6,,,,
,,,0.7103679,0.5063037,9.92823,,,,,,,,,,62.6,,,,
,,,0.7103679,0.5183044,9.813928,,,,,,,,,,62.6,,,,
,,,0.7103028,0.5218495,9.813928,,,,,,,,,,62.6,,,,
,,,0.7103028,0.5218495,9.813928,,,,,,,,,,62.6,,,,
,,,0.7103028,0.521869,9.874869,,,,,,,,,,62.6,,,,
,,,0.7103028,0.5218592,9.860465,,,,,,,,,,62.6,,,,
,,,0.7104303,0.5214034,9.860465,,,,,,,,,,62.6,,,,
,,,0.7104303,0.5267617,9.878487,,,,,,,,,,62.6,,,,
,,,0.7104303,0.5133319,9.878487,,,,,,,,,,62.6,,,,
,,,0.7103567,0.4879492,9.878487,,,,,,,,,,62.6,,,,
,,,0.7103567,0.5010093,9.875512,,,,,,,,,,62.6,,,,
,,,0.7103567,0.5010093,9.875512,,,,,,,,,,62.6,,,,
,,,0.7103567,0.4927278,9.875511,,,,,,,,,,62.6,,,,
,,,0.7103567,0.4927181,9.875511,,,,,,,,,,55.69,,,,
,,,0.7103567,0.506505,9.841219,,,,,,,,,,55.69,,,,
,,,0.710289,0.4596106,9.818417,,,,,,,,,,55.69,,,,
,,,0.710289,0.4596313,9.818417,,,,,,,,,,55.69,,,,
,,,0.710289,0.4596273,9.818417,,,,,,,,,,55.69,,,,
,,,0.710289,0.4596273,9.818417,,,,,,,,,,55.69,,,,
,,,0.710289,0.4599799,9.818417,,,,,,,,,,55.69,,,,
,,,0.710094,0.479127,9.838142,,,,,,,,,,55.69,,,,
,,,0.710094,0.4785386,9.839193,,,,,,,,,,55.69,,,,
,,,0.710094,0.4785386,9.839193,,,,,,,,,,55.69,,,,
,,,0.710094,0.4787956,9.771062,,,,,,,,,,55.69,,,,
,,,0.710094,0.4882565,9.771062,,,,,,,,,,55.69,,,,
,,,0.710094,0.4882675,9.775162,,,,,,,,,,55.69,,,,
,,,0.710094,0.4801843,9.790559,,,,,,,,,,55.69,,,,
,,,0.710094,0.4801704,9.790559,,,,,,,,,,55.69,,,,
,,,0.7100289,0.4619233,9.790559,,,,,,,,,,55.69,,,,
,,,0.7100289,0.4619192,9.790557,,,,,,,,,,55.69,,,,
,,,0.7214804,0.4634683,9.737229,,,,,,,,,,55.69,,,,
,,,0.7672006,0.4634642,9.737231,,,,,,,,,,55.69,,,,
,,,0.7786521,0.4634642,9.756961,,,,,,,,,,55.69,,,,
,,,0.7786041,0.4663954,9.756961,,,,,,,,,,55.69,,,,
,,,0.8015065,0.476546,9.756963,,,,,,,,,,55.69,,,,
,,,0.8015065,0.4794565,9.770957,,,,,,,,,,55.69,,,,
,,,0.8009863,0.4794634,9.770957,,,,,,,,,,55.69,,,,
,,,0.8009863,0.4624083,9.737599,,,,,,,,,,55.69,,,,
,,,0.8009863,0.4623919,9.737599,,,,,,,,,,55.69,,,,
,,,0.8009863,0.4624161,9.737599,,,,,,,,,,55.69,,,,
,,,0.8009863,0.462414,9.719754,,,,,,,,,,55.69,,,,
,,,0.8009863,0.4624404,9.748562,,,,,,,,,,55.69,,,,
,,,0.8009863,0.4645156,9.748562,,,,,,,,,,55.69,,,,
,,,0.8009863,0.4645116,9.700158,,,,,,,,,,55.69,,,,
,,,0.8009863,0.4645357,9.722769,,,,,,,,,,55.69,,,,
,,,0.8009863,0.4645283,9.643206,,,,,,,,,,55.69,,,,
,,,0.8009863,0.4645712,9.643206,,,,,,,,,,55.69,,,,
,,,0.8009863,0.4645469,9.643206,,,,,,,,,,55.69,,,,
,,,0.7893398,0.4645543,9.5948,,,,,,,,,,55.69,,,,
,,,0.7893398,0.4645929,9.5948,,,,,,,,,,55.69,,,,
,,,0.7778889,0.4821641,9.5948,,,,,,,,,,55.69,,,,
,,,0.7778889,0.4821775,9.5948,,,,,,,,,,55.69,,,,
,,,0.7546611,0.47803,9.6095,,,,,,,,,,55.69,,,,
,,,0.7546611,0.4780352,9.577189,,,,,,,,,,55.69,,,,
,,,0.7546611,0.4780519,9.567509,,,,,,,,,,55.69,,,,
,,,0.7546611,0.4776521,9.564651,,,,,,,,,,55.69,,,,
,,,0.7432097,0.477659,9.565585,,,,,,,,,,55.69,,,,
,,,0.74332,0.4776735,9.565585,,,,,,,,,,55.69,,,,
,,,0.731674,0.4776816,9.560567,,,,,,,,,,55.69,,,,
,,,0.7087712,0.4959569,9.52721,,,,,,,,,,55.69,,,,
,,,0.7084461,0.4959433,9.575616,,,,,,,,,,55.69,,,,
,,,0.7084461,0.4959302,9.429086,,,,,,,,,,55.69,,,,
,,,0.7084461,0.4959524,9.437718,,,,,,,,,,55.69,,,,
,,,0.6969947,0.4959755,9.450915,,,,,,,,,,55.69,,,,
,,,0.6855437,0.4959657,9.451266,,,,,,,,,,55.69,,,,
,,,0.6855437,0.4958958,9.437302,,,,,,,,,,55.69,,,,
,,,0.6736739,0.4959371,9.471152,,,,,,,,,,55.69,,,,
,,,0.6622224,0.4959373,9.334886,,,,,,,,,,55.69,,,,
,,,0.6507713,0.4982698,9.413796,,,,,,,,,,55.69,,,,
,,,0.6392831,0.505161,9.27753,,,,,,,,,,55.69,,,,
,,,0.6278322,0.5051615,9.283809,,,,,,,,,,55.69,,,,
,,,0.6163808,0.5114323,9.278796,,,,,,,,,,55.69,,,,
,,,0.6047343,0.5114323,9.278796,,,,,,,,,,55.69,,,,
,,,0.5932178,0.5114187,9.278794,,,,,,,,,,42.45,,,,
,,,0.5817669,0.5296813,9.278794,,,,,,,,,,42.45,,,,
,,,0.5701204,0.5296997,9.171749,,,,,,,,,,42.45,,,,
,,,0.5701684,0.5296006,9.171749,,,,,,,,,,42.45,,,,
,,,0.5701684,0.5296096,9.171749,,,,,,,,,,42.45,,,,
,,,0.5701684,0.5296027,9.068143,,,,,,,,,,42.45,,,,
,,,0.5701684,0.529612,9.019737,,,,,,,,,,42.45,,,,
,,,0.5701684,0.5345044,9.019737,,,,,,,,,,42.45,,,,
,,,0.5701684,0.5344531,8.922925,,,,,,,,,,42.45,,,,
,,,0.5701684,0.5527651,8.911494,,,,,,,,,,42.45,,,,
,,,0.5700639,0.552819,8.920418,,,,,,,,,,42.45,,,,
,,,0.5700639,0.552771,8.872014,,,,,,,,,,42.45,,,,
,,,0.5700639,0.5528085,8.968823,,,,,,,,,,42.45,,,,
,,,0.5700639,0.5526726,8.968823,,,,,,,,,,42.45,,,,
,,,0.5700639,0.5526864,8.920419,,,,,,,,,,42.45,,,,
,,,0.5699733,0.5709703,8.92077,,,,,,,,,,42.45,,,,
,,,0.5816848,0.5712988,8.936464,,,,,,,,,,42.45,,,,
,,,0.5816848,0.5709801,8.910453,,,,,,,,,,42.45,,,,
,,,0.5815547,0.5710073,8.943812,,,,,,,,,,42.45,,,,
,,,0.5472008,0.5730784,8.895406,,,,,,,,,,42.45,,,,
,,,0.5471272,0.5883191,8.895406,,,,,,,,,,42.45,,,,
,,,0.5471272,0.588317,8.845077,,,,,,,,,,42.45,,,,
,,,0.5471272,0.5883234,8.902462,,,,,,,,,,42.45,,,,
,,,0.5471272,0.5883458,8.802214,,,,,,,,,,42.45,,,,
,,,0.5585784,0.6065469,8.899023,,,,,,,,,,42.45,,,,
,,,0.5356759,0.6065469,8.899023,,,,,,,,,,42.45,,,,
,,,0.5242246,0.6065086,8.910275,,,,,,,,,,42.45,,,,
,,,0.5016472,0.6065624,8.765061,,,,,,,,,,42.45,,,,
,,,0.5011919,0.6190698,8.771478,,,,,,,,,,42.45,,,,
,,,0.5015172,0.6190698,8.765995,,,,,,,,,,42.45,,,,
,,,0.5129683,0.6190986,8.765995,,,,,,,,,,42.45,,,,
,,,0.4900656,0.6190094,9.004002,,,,,,,,,,42.45,,,,
,,,0.4671632,0.6247937,9.004002,,,,,,,,,,42.45,,,,
,,,0.4671632,0.624726,9.10081,,,,,,,,,,42.45,,,,
,,,0.4671632,0.6247291,9.10081,,,,,,,,,,42.45,,,,
,,,0.4671632,0.6612564,9.128685,,,,,,,,,,42.45,,,,
,,,0.4671632,0.6612702,9.128685,,,,,,,,,,42.45,,,,
,,,0.4786147,0.6597229,9.216545,,,,,,,,,,42.45,,,,
,,,0.4783316,0.659725,9.148416,,,,,,,,,,42.45,,,,
,,,0.4897824,0.6597276,9.148413,,,,,,,,,,42.45,,,,
,,,0.5012338,0.6651859,9.153429,,,,,,,,,,42.45,,,,
,,,0.5012338,0.6651831,9.137218,,,,,,,,,,42.45,,,,
,,,0.5012338,0.702173,9.145732,,,,,,,,,,42.45,,,,
,,,0.5011038,0.7021508,9.145729,,,,,,,,,,42.45,,,,
,,,0.5240063,0.7022357,9.145731,,,,,,,,,,42.45,,,,
,,,0.5240063,0.7022357,9.13267,,,,,,,,,,42.45,,,,
,,,0.5354577,0.7038398,9.11214,,,,,,,,,,42.45,,,,
,,,0.5354577,0.7221241,9.112141,,,,,,,,,,42.45,,,,
,,,0.5354577,0.7221301,9.112141,,,,,,,,,,42.45,,,,
,,,0.5467789,0.7156315,9.112141,,,,,,,,,,42.45,,,,
,,,0.5465839,0.7521704,9.112141,,,,,,,,,,42.45,,,,
,,,0.5580353,0.7521726,9.074512,,,,,,,,,,42.45,,,,
,,,0.5580353,0.7528814,9.074512,,,,,,,,,,42.45,,,,
,,,0.5580353,0.7711293,9.097093,,,,,,,,,,42.45,,,,
,,,0.5809377,0.7776495,9.097093,,,,,,,,,,42.45,,,,
,,,0.5809377,0.7776471,9.097094,,,,,,,,,,42.45,,,,
,,,0.5809377,0.7608578,9.028958,,,,,,,,,,42.45,,,,
,,,0.5808076,0.7608637,9.028958,,,,,,,,,,42.45,,,,
,,,0.6151614,0.797206,9.028962,,,,,,,,,,42.45,,,,
,,,0.6149013,0.7954338,9.013915,,,,,,,,,,42.45,,,,
,,,0.6149013,0.7699623,9.013913,,,,,,,,,,39.74,,,,
,,,0.6149013,0.7790111,9.013913,,,,,,,,,,39.74,,,,
,,,0.6149013,0.7972811,9.013912,,,,,,,,,,39.74,,,,
,,,0.6147712,0.7990227,9.020329,,,,,,,,,,39.74,,,,
,,,0.6147398,0.8004416,8.971925,,,,,,,,,,39.74,,,,
,,,0.6146097,0.8108774,8.971925,,,,,,,,,,39.74,,,,
,,,0.6146097,0.8108683,8.952196,,,,,,,,,,39.74,,,,
,,,0.6600897,0.810881,8.910207,,,,,,,,,,39.74,,,,
,,,0.6600897,0.8122812,8.937152,,,,,,,,,,39.74,,,,
,,,0.6600897,0.8305507,8.888751,,,,,,,,,,39.74,,,,
,,,0.6571637,0.8305472,8.895166,,,,,,,,,,39.74,,,,
,,,0.6577489,0.8242963,8.866491,,,,,,,,,,39.74,,,,
,,,0.6577489,0.8242698,8.865554,,,,,,,,,,39.74,,,,
,,,0.6692,0.8242703,8.85051,,,,,,,,,,39.74,,,,
,,,0.6692,0.8242679,8.850511,,,,,,,,,,39.74,,,,
,,,0.6700959,0.8242648,8.85681,,,,,,,,,,39.74,,,,
,,,0.6584499,0.8245361,8.841759,,,,,,,,,,39.74,,,,
,,,0.6584499,0.8244875,8.773627,,,,,,,,,,39.74,,,,
,,,0.6584499,0.8244835,8.759514,,,,,,,,,,39.74,,,,
,,,0.6584499,0.8427498,8.764763,,,,,,,,,,39.74,,,,
,,,0.693259,0.8428133,8.764761,,,,,,,,,,39.74,,,,
,,,0.693259,0.8686291,8.743299,,,,,,,,,,39.74,,,,
,,,0.693259,0.8503552,8.690566,,,,,,,,,,39.74,,,,
,,,0.6934273,0.850648,8.682983,,,,,,,,,,39.74,,,,
,,,0.6934273,0.8871872,8.614736,,,,,,,,,,39.74,,,,
,,,0.6934273,0.8991176,8.614736,,,,,,,,,,39.74,,,,
,,,0.6934273,0.8991238,8.614736,,,,,,,,,,39.74,,,,
,,,0.6934273,0.8808581,8.546604,,,,,,,,,,39.74,,,,
,,,0.7048785,0.8808547,8.546604,,,,,,,,,,39.74,,,,
,,,0.7048785,0.8808612,8.517923,,,,,,,,,,39.74,,,,
,,,0.693427,0.8808526,8.442078,,,,,,,,,,39.74,,,,
,,,0.7166548,0.9182231,8.440973,,,,,,,,,,39.74,,,,
,,,0.7053335,0.9302395,8.440973,,,,,,,,,,39.74,,,,
,,,0.7053334,0.9296165,8.313656,,,,,,,,,,39.74,,,,
,,,0.7053334,0.9296438,8.414347,,,,,,,,,,39.74,,,,
,,,0.7289781,0.9296135,8.414347,,,,,,,,,,39.74,,,,
,,,0.7053858,0.9296168,8.414347,,,,,,,,,,39.74,,,,
,,,0.716837,0.9295594,8.414347,,,,,,,,,,39.74,,,,
,,,0.716707,0.9295644,8.441291,,,,,,,,,,39.74,,,,
,,,0.7281386,0.9295679,8.441291,,,,,,,,,,39.74,,,,
,,,0.7507811,0.9313888,8.441291,,,,,,,,,,39.74,,,,
,,,0.7507811,0.9314098,8.42531,,,,,,,,,,39.74,,,,
,,,0.7507358,0.9233537,8.425312,,,,,,,,,,39.74,,,,
,,,0.7509959,0.912972,8.425312,,,,,,,,,,39.74,,,,
,,,0.7394173,0.9129834,8.403851,,,,,,,,,,39.74,,,,
,,,0.7389904,0.9129827,8.403851,,,,,,,,,,39.74,,,,
,,,0.7389904,0.9129769,8.403851,,,,,,,,,,39.74,,,,
,,,0.7630012,0.9129972,8.40385,,,,,,,,,,39.74,,,,
,,,0.7625743,0.9169008,8.40385,,,,,,,,,,39.74,,,,
,,,0.7519678,0.9169,8.518651,,,,,,,,,,39.74,,,,
,,,0.7519678,0.9168916,8.518653,,,,,,,,,,39.74,,,,
,,,0.7862849,0.9168904,8.518653,,,,,,,,,,39.74,,,,
,,,0.7861745,0.9169016,8.49766,,,,,,,,,,39.74,,,,
,,,0.7747232,0.8986254,8.49766,,,,,,,,,,39.74,,,,
,,,0.7867881,0.8996835,8.556848,,,,,,,,,,39.74,,,,
,,,0.7867881,0.8997713,8.556848,,,,,,,,,,39.74,,,,
,,,0.7867881,0.8997079,8.548216,,,,,,,,,,39.74,,,,
,,,0.7869182,0.8997098,8.548216,,,,,,,,,,39.74,,,,
,,,0.7874948,0.8993818,8.548217,,,,,,,,,,39.74,,,,
,,,0.7875316,0.9032604,8.505293,,,,,,,,,,39.74,,,,
,,,0.7875316,0.9031605,8.511708,,,,,,,,,,36.49,,,,
,,,0.7875316,0.9031645,8.495728,,,,,,,,,,36.49,,,,
,,,0.7875316,0.8931246,8.490246,,,,,,,,,,36.49,,,,
,,,0.7874581,0.8931449,8.486396,,,,,,,,,,36.49,,,,
,,,0.7880715,0.8931487,8.486396,,,,,,,,,,36.49,,,,
,,,0.7880715,0.8926387,8.480915,,,,,,,,,,36.49,,,,
,,,0.7880715,0.892644,8.480914,,,,,,,,,,36.49,,,,
,,,0.7882015,0.9071324,8.480914,,,,,,,,,,36.49,,,,
,,,0.788128,0.9013172,8.480915,,,,,,,,,,36.49,,,,
,,,0.7880912,0.9013004,8.480915,,,,,,,,,,36.49,,,,
,,,0.8682502,0.9013171,8.480915,,,,,,,,,,36.49,,,,
,,,0.8682134,0.9013323,8.453971,,,,,,,,,,36.49,,,,
,,,0.8686318,0.8974239,8.453971,,,,,,,,,,36.49,,,,
,,,0.8572539,0.8939399,8.453971,,,,,,,,,,36.49,,,,
,,,0.8343145,0.9063888,8.584752,,,,,,,,,,36.49,,,,
,,,0.8343342,0.9064033,8.584753,,,,,,,,,,36.49,,,,
,,,0.8686516,0.9057627,8.57883,,,,,,,,,,36.49,,,,
,,,0.8571633,0.9068714,8.384097,,,,,,,,,,36.49,,,,
,,,0.8571265,0.8906277,8.310482,,,,,,,,,,36.49,,,,
,,,0.8571265,0.9072378,8.499838,,,,,,,,,,36.49,,,,
,,,0.8918055,0.8960528,8.295438,,,,,,,,,,36.49,,,,
,,,0.8916951,0.9067804,8.292989,,,,,,,,,,36.49,,,,
,,,0.8916583,0.9068783,8.292987,,,,,,,,,,36.49,,,,
,,,0.8458529,0.9131138,8.550952,,,,,,,,,,36.49,,,,
,,,0.8805521,0.9014887,8.280155,,,,,,,,,,36.49,,,,
,,,0.8805153,0.9014686,8.280155,,,,,,,,,,36.49,,,,
,,,0.8806368,0.9014917,8.280155,,,,,,,,,,36.49,,,,
,,,0.8806565,0.9023274,8.563785,,,,,,,,,,36.49,,,,
,,,0.8805462,0.9027493,8.223121,,,,,,,,,,36.49,,,,
,,,0.9031034,0.9027365,8.223121,,,,,,,,,,36.49,,,,
,,,0.9031034,0.9027489,8.223121,,,,,,,,,,36.49,,,,
,,,0.9031034,0.9166177,8.256348,,,,,,,,,,36.49,,,,
,,,0.9031034,0.9167779,8.256347,,,,,,,,,,36.49,,,,
,,,0.9031034,0.916619,8.256346,,,,,,,,,,36.49,,,,
,,,0.9031034,0.9167916,8.304751,,,,,,,,,,36.49,,,,
,,,0.9036886,0.9153747,8.283989,,,,,,,,,,36.49,,,,
,,,0.9036886,0.9153904,8.28399,,,,,,,,,,36.49,,,,
,,,0.9036886,0.9278535,8.283989,,,,,,,,,,36.49,,,,
,,,0.9799408,0.9203375,8.28399,,,,,,,,,,36.49,,,,
,,,0.9799408,0.9203349,8.283991,,,,,,,,,,36.49,,,,
,,,0.9874854,0.9347933,8.235585,,,,,,,,,,36.49,,,,
,,,0.9876802,0.9389005,8.188578,,,,,,,,,,36.49,,,,
,,,0.9876802,0.9362927,8.257279,,,,,,,,,,36.49,,,,
,,,0.9876802,0.9403129,8.257279,,,,,,,,,,36.49,,,,
,,,0.9876802,0.9462475,8.158604,,,,,,,,,,36.49,,,,
,,,0.9876802,0.9279742,8.156143,,,,,,,,,,36.49,,,,
,,,0.9876802,0.9279909,8.156142,,,,,,,,,,36.49,,,,
,,,0.9876802,0.9414372,8.149843,,,,,,,,,,36.49,,,,
,,,0.9876802,0.9446828,8.198246,,,,,,,,,,36.49,,,,
,,,0.999197,0.9446861,8.122897,,,,,,,,,,36.49,,,,
,,,0.999197,0.9447016,8.219707,,,,,,,,,,36.49,,,,
,,,0.9988067,0.9447121,8.171303,,,,,,,,,,36.49,,,,
,,,1.010258,0.9428663,8.219707,,,,,,,,,,36.49,,,,
,,,0.9909931,0.942883,8.222271,,,,,,,,,,36.49,,,,
,,,0.9909931,0.9619501,7.881605,,,,,,,,,,36.49,,,,
,,,0.9912117,0.9677556,7.881605,,,,,,,,,,36.49,,,,
,,,1.002837,0.9669718,7.819895,,,,,,,,,,36.49,,,,
,,,1.003098,0.9682702,7.819895,,,,,,,,,,36.49,,,,
,,,1.003038,0.9682782,7.819895,,,,,,,,,,36.49,,,,
,,,1.003038,0.9683016,7.819894,,,,,,,,,,36.49,,,,
,,,1.003038,0.9876407,7.8683,,,,,,,,,,44.04,,,,
,,,1.003038,0.9739555,7.8683,,,,,,,,,,44.04,,,,
,,,1.003038,0.9775837,7.819896,,,,,,,,,,44.04,,,,
,,,1.003103,0.9936085,7.774057,,,,,,,,,,44.04,,,,
,,,1.003103,0.9973159,7.772108,,,,,,,,,,44.04,,,,
,,,1.003103,0.9973325,7.772107,,,,,,,,,,44.04,,,,
,,,1.003233,0.9952868,7.431444,,,,,,,,,,44.04,,,,
,,,0.9803308,0.9953365,7.431445,,,,,,,,,,44.04,,,,
,,,0.9802434,1.01385,7.431445,,,,,,,,,,44.04,,,,
,,,1.004764,1.013863,7.431445,,,,,,,,,,44.04,,,,
,,,1.004764,1.008999,7.431445,,,,,,,,,,44.04,,,,
,,,0.9933125,1.014948,3.820411,,,,,,,,,,44.04,,,,
,,,0.9933775,1.02859,3.772007,,,,,,,,,,44.04,,,,
,,,0.9933775,1.007515,3.773641,,,,,,,,,,44.04,,,,
,,,0.9933775,1.033703,3.773642,,,,,,,,,,44.04,,,,
,,,0.993386,1.024062,3.773642,,,,,,,,,,44.04,,,,
,,,0.9923275,1.037011,3.866719,,,,,,,,,,44.04,,,,
,,,0.9923275,1.037081,3.866719,,,,,,,,,,44.04,,,,
,,,0.9923275,1.026581,3.818314,,,,,,,,,,44.04,,,,
,,,0.9991425,1.044921,3.818314,,,,,,,,,,44.04,,,,
,,,1.067916,1.044866,3.818314,,,,,,,,,,44.04,,,,
,,,1.067992,1.043479,3.818314,,,,,,,,,,44.04,,,,
,,,1.067992,1.039953,3.818314,,,,,,,,,,44.04,,,,
,,,1.067992,1.116324,3.818314,,,,,,,,,,44.04,,,,
,,,1.079378,1.115173,3.818314,,,,,,,,,,44.04,,,,
,,,1.079378,1.115154,3.769909,,,,,,,,,,44.04,,,,
,,,1.081609,1.115039,3.748447,,,,,,,,,,44.04,,,,
,,,1.081533,1.09328,3.658549,,,,,,,,,,44.04,,,,
,,,1.100535,1.224298,3.658549,,,,,,,,,,44.04,,,,
,,,1.100391,1.096697,3.610145,,,,,,,,,,44.04,,,,
,,,1.100391,1.102268,3.610145,,,,,,,,,,44.04,,,,
,,,1.100589,1.102277,3.610145,,,,,,,,,,44.04,,,,
,,,1.100589,1.100954,3.610145,,,,,,,,,,44.04,,,,
,,,1.105857,1.127402,3.685496,,,,,,,,,,44.04,,,,
,,,1.05399,1.127442,3.63709,,,,,,,,,,44.04,,,,
,,,1.053959,1.145011,3.63709,,,,,,,,,,44.04,,,,
,,,1.053959,1.159844,3.63709,,,,,,,,,,44.04,,,,
,,,1.053986,1.139595,3.645254,,,,,,,,,,44.04,,,,
,,,1.053921,1.139334,3.623792,,,,,,,,,,44.04,,,,
,,,1.053098,1.14523,3.623792,,,,,,,,,,44.04,,,,
,,,1.054011,1.163548,3.630558,,,,,,,,,,44.04,,,,
,,,1.053189,1.163548,3.618703,,,,,,,,,,44.04,,,,
,,,1.053189,1.170023,3.640164,,,,,,,,,,44.04,,,,
,,,1.058984,1.17105,3.59176,,,,,,,,,,44.04,,,,
,,,1.116972,1.176514,3.59176,,,,,,,,,,44.04,,,,
,,,1.116972,1.176738,3.548838,,,,,,,,,,44.04,,,,
,,,1.117329,1.189776,3.54884,,,,,,,,,,44.04,,,,
,,,1.117223,1.195356,3.54884,,,,,,,,,,44.04,,,,
,,,1.117223,1.199278,3.45203,,,,,,,,,,44.04,,,,
,,,1.117209,1.229638,3.452029,,,,,,,,,,44.04,,,,
,,,1.117209,1.229656,3.431968,,,,,,,,,,44.04,,,,
,,,1.116808,1.235891,3.431968,,,,,,,,,,44.04,,,,
,,,1.116827,1.236249,3.370075,,,,,,,,,,44.04,,,,
,,,1.116827,1.252032,3.436442,,,,,,,,,,44.04,,,,
,,,1.140834,1.252321,3.436442,,,,,,,,,,44.04,,,,
,,,1.140834,1.284332,3.388035,,,,,,,,,,44.04,,,,
,,,1.14103,1.284296,3.533248,,,,,,,,,,44.04,,,,
,,,1.058656,1.283813,3.537331,,,,,,,,,,44.04,,,,
,,,1.058634,1.28139,3.537331,,,,,,,,,,44.04,,,,
,,,1.058578,1.317863,3.537331,,,,,,,,,,44.04,,,,
,,,1.060497,1.299182,3.515871,,,,,,,,,,58.02,,,,
,,,1.083399,1.335723,3.503996,,,,,,,,,,58.02,,,,
,,,1.104571,1.337028,3.491864,,,,,,,,,,58.02,,,,
,,,1.104587,1.337354,3.477871,,,,,,,,,,58.02,,,,
,,,1.104629,1.33747,3.429467,,,,,,,,,,58.02,,,,
,,,1.104582,1.353479,3.397974,,,,,,,,,,58.02,,,,
,,,1.104517,1.390008,3.396693,,,,,,,,,,58.02,,,,
,,,1.104641,1.390117,3.401476,,,,,,,,,,58.02,,,,
,,,1.127283,1.387902,3.401476,,,,,,,,,,58.02,,,,
,,,1.127105,1.396925,3.353072,,,,,,,,,,58.02,,,,
,,,1.127235,1.404167,3.368235,,,,,,,,,,58.02,,,,
,,,1.129876,1.441614,3.31983,,,,,,,,,,58.02,,,,
,,,1.131964,1.431981,3.319834,,,,,,,,,,58.02,,,,
,,,1.131764,1.449911,3.368238,,,,,,,,,,58.02,,,,
,,,1.109093,1.449914,3.334644,,,,,,,,,,58.02,,,,
,,,1.108752,1.48642,3.336862,,,,,,,,,,58.02,,,,
,,,1.109066,1.48823,3.352894,,,,,,,,,,58.02,,,,
,,,1.108909,1.50668,3.276731,,,,,,,,,,58.02,,,,
,,,1.096923,1.506641,3.27673,,,,,,,,,,58.02,,,,
,,,1.119577,1.543148,3.27673,,,,,,,,,,58.02,,,,
,,,1.119539,1.378714,3.249673,,,,,,,,,,58.02,,,,
,,,1.119595,1.404727,3.267869,,,,,,,,,,58.02,,,,
,,,1.119595,1.404839,3.218999,,,,,,,,,,58.02,,,,
,,,1.086019,1.40487,3.218997,,,,,,,,,,58.02,,,,
,,,1.143515,1.58871,3.218999,,,,,,,,,,58.02,,,,
,,,1.100098,1.625229,3.234625,,,,,,,,,,58.02,,,,
,,,1.07977,1.643583,3.234626,,,,,,,,,,58.02,,,,
,,,1.079714,1.381526,3.231695,,,,,,,,,,58.02,,,,
,,,1.114111,1.397426,3.25782,,,,,,,,,,58.02,,,,
,,,1.115285,1.397451,3.257823,,,,,,,,,,58.02,,,,
,,,1.114302,1.415686,3.258056,,,,,,,,,,58.02,,,,
,,,1.138301,1.415694,3.231928,,,,,,,,,,58.02,,,,
,,,1.136891,1.233402,3.231928,,,,,,,,,,58.02,,,,
,,,1.138318,1.233412,3.425545,,,,,,,,,,58.02,,,,
,,,1.137469,1.233448,3.425544,,,,,,,,,,58.02,,,,
,,,1.137538,1.233392,3.425544,,,,,,,,,,58.02,,,,
,,,1.160376,1.473462,3.425544,,,,,,,,,,58.02,,,,
,,,1.164985,1.245788,3.328738,,,,,,,,,,58.02,,,,
,,,1.165137,1.245807,3.280334,,,,,,,,,,58.02,,,,
,,,1.130866,1.468727,3.290132,,,,,,,,,,58.02,,,,
,,,1.188186,1.482457,3.290135,,,,,,,,,,58.02,,,,
,,,1.188204,1.192169,3.290136,,,,,,,,,,58.02,,,,
,,,1.188263,1.192036,3.241732,,,,,,,,,,58.02,,,,
,,,1.188259,1.192201,3.245697,,,,,,,,,,58.02,,,,
,,,1.166781,1.228733,3.245697,,,,,,,,,,58.02,,,,
,,,1.166924,1.228662,3.267975,,,,,,,,,,58.02,,,,
,,,1.201179,1.228695,3.267976,,,,,,,,,,58.02,,,,
,,,1.199023,1.22867,3.267974,,,,,,,,,,58.02,,,,
,,,1.198972,1.228651,3.267976,,,,,,,,,,58.02,,,,
,,,1.199149,1.214117,3.316379,,,,,,,,,,58.02,,,,
,,,1.203617,1.214447,3.35347,,,,,,,,,,58.02,,,,
,,,1.20368,1.214993,3.25798,,,,,,,,,,58.02,,,,
,,,1.203697,1.21437,3.231852,,,,,,,,,,58.02,,,,
,,,1.250996,1.214364,3.231852,,,,,,,,,,58.02,,,,
,,,1.25089,1.218036,3.23185,,,,,,,,,,58.02,,,,
,,,1.221755,1.218043,3.231852,,,,,,,,,,58.02,,,,
,,,1.221782,1.319242,3.23185,,,,,,,,,,58.02,,,,
,,,1.257516,1.319246,3.183446,,,,,,,,,,58.02,,,,
,,,1.257548,1.268099,3.181346,,,,,,,,,,58.02,,,,
,,,1.257564,1.268086,3.181348,,,,,,,,,,58.02,,,,
,,,1.257372,1.268084,3.181348,,,,,,,,,,59.24,,,,
,,,1.235175,1.268092,3.229754,,,,,,,,,,59.24,,,,
,,,1.235191,1.268379,3.229752,,,,,,,,,,59.24,,,,
,,,1.237177,1.26795,3.229752,,,,,,,,,,59.24,,,,
,,,1.294561,1.267984,3.229752,,,,,,,,,,59.24,,,,
,,,1.243244,1.267958,3.181348,,,,,,,,,,59.24,,,,
,,,1.300501,1.283036,3.172136,,,,,,,,,,59.24,,,,
,,,1.279468,1.283045,3.172134,,,,,,,,,,59.24,,,,
,,,1.250252,1.2833,3.172134,,,,,,,,,,59.24,,,,
,,,1.253539,1.177177,3.172134,,,,,,,,,,59.24,,,,
,,,1.254991,1.177188,3.174437,,,,,,,,,,59.24,,,,
,,,1.312284,1.248922,2.932416,,,,,,,,,,59.24,,,,
,,,1.297393,1.249168,2.932416,,,,,,,,,,59.24,,,,
,,,1.297053,1.209465,2.932416,,,,,,,,,,59.24,,,,
,,,1.293808,1.209688,2.850416,,,,,,,,,,59.24,,,,
,,,1.293797,1.219814,2.880161,,,,,,,,,,59.24,,,,
,,,1.293927,1.219793,2.831755,,,,,,,,,,59.24,,,,
,,,1.29517,1.156341,2.831755,,,,,,,,,,59.24,,,,
,,,1.298844,1.154116,2.831755,,,,,,,,,,59.24,,,,
,,,1.300231,1.154117,2.831755,,,,,,,,,,59.24,,,,
,,,1.314384,1.17983,2.786097,,,,,,,,,,59.24,,,,
,,,1.285453,1.183426,2.786098,,,,,,,,,,59.24,,,,
,,,1.285364,1.183596,2.761606,,,,,,,,,,59.24,,,,
,,,1.2853,1.183327,3.052031,,,,,,,,,,59.24,,,,
,,,1.337212,1.165223,2.810009,,,,,,,,,,59.24,,,,
,,,1.334784,1.165062,2.783415,,,,,,,,,,59.24,,,,
,,,1.326177,1.256609,3.073841,,,,,,,,,,59.24,,,,
,,,1.301572,1.256724,3.025435,,,,,,,,,,59.24,,,,
,,,1.301579,1.256558,2.928624,,,,,,,,,,59.24,,,,
,,,1.301856,1.216571,3.073839,,,,,,,,,,59.24,,,,
,,,1.34873,1.219862,3.03079,,,,,,,,,,59.24,,,,
,,,1.349585,1.21987,3.008511,,,,,,,,,,59.24,,,,
,,,1.459421,1.219968,3.008511,,,,,,,,,,59.24,,,,
,,,1.473428,1.219989,3.056917,,,,,,,,,,59.24,,,,
,,,1.758905,1.220017,3.056917,,,,,,,,,,59.24,,,,
,,,1.47056,1.219893,3.056917,,,,,,,,,,59.24,,,,
,,,1.47061,1.220366,3.008511,,,,,,,,,,59.24,,,,
,,,1.771867,1.220368,3.008512,,,,,,,,,,59.24,,,,
,,,1.778726,1.220379,3.008512,,,,,,,,,,59.24,,,,
,,,1.778832,1.220649,2.966638,,,,,,,,,,59.24,,,,
,,,1.780856,1.246725,2.948442,,,,,,,,,,59.24,,,,
,,,1.780811,1.222416,3.083759,,,,,,,,,,59.24,,,,
,,,1.780408,1.224634,3.08376,,,,,,,,,,59.24,,,,
,,,1.787894,1.24411,2.934697,,,,,,,,,,59.24,,,,
,,,1.787524,1.244108,2.771051,,,,,,,,,,59.24,,,,
,,,1.79597,1.244356,2.771051,,,,,,,,,,59.24,,,,
,,,1.800962,1.244368,2.771051,,,,,,,,,,59.24,,,,
,,,1.860921,1.302816,2.771051,,,,,,,,,,59.24,,,,
,,,1.86392,1.303096,2.766619,,,,,,,,,,59.24,,,,
,,,2.244889,1.303195,2.815023,,,,,,,,,,59.24,,,,
,,,2.089223,1.297154,2.796541,,,,,,,,,,59.24,,,,
,,,2.6474,1.300296,2.796541,,,,,,,,,,59.24,,,,
,,,2.653121,1.300303,2.748137,,,,,,,,,,59.24,,,,
,,,2.656556,1.281667,2.748137,,,,,,,,,,59.24,,,,
,,,2.657936,1.28161,2.699732,,,,,,,,,,59.24,,,,
,,,2.658037,1.281633,2.796541,,,,,,,,,,59.24,,,,
,,,2.843479,1.281636,2.796541,,,,,,,,,,59.24,,,,
,,,2.716183,1.281636,2.554518,,,,,,,,,,59.24,,,,
,,,2.714482,1.322699,2.774264,,,,,,,,,,59.24,,,,
,,,2.721177,1.322725,2.580647,,,,,,,,,,59.24,,,,
,,,2.877191,1.31129,2.483838,,,,,,,,,,68.29,,,,
,,,2.754534,1.311293,2.562368,,,,,,,,,,68.29,,,,
,,,2.758434,1.346316,2.465559,,,,,,,,,,68.29,,,,
,,,2.758753,1.346378,2.465561,,,,,,,,,,68.29,,,,
,,,2.760782,1.346341,2.465561,,,,,,,,,,68.29,,,,
,,,2.754721,1.346333,2.465561,,,,,,,,,,68.29,,,,
,,,2.765354,1.363215,2.286525,,,,,,,,,,68.29,,,,
,,,2.919885,1.363207,2.286525,,,,,,,,,,68.29,,,,
,,,2.939234,1.363207,2.286525,,,,,,,,,,68.29,,,,
,,,2.906597,1.363471,2.286525,,,,,,,,,,68.29,,,,
,,,2.906748,1.343331,2.092906,,,,,,,,,,68.29,,,,
,,,2.868389,1.34203,2.092906,,,,,,,,,,68.29,,,,
,,,2.993067,1.379371,2.092906,,,,,,,,,,68.29,,,,
,,,2.873921,1.397643,2.092906,,,,,,,,,,68.29,,,,
,,,2.995962,1.437328,2.092906,,,,,,,,,,68.29,,,,
,,,3.003607,1.437572,2.134429,,,,,,,,,,68.29,,,,
,,,3.003611,1.437572,2.121379,,,,,,,,,,68.29,,,,
,,,3.003604,1.437334,2.121379,,,,,,,,,,68.29,,,,
,,,3.00558,1.437317,2.121379,,,,,,,,,,68.29,,,,
,,,3.003604,1.437291,2.12797,,,,,,,,,,68.29,,,,
,,,3.078549,1.437291,2.089362,,,,,,,,,,68.29,,,,
,,,3.139705,1.444162,2.118756,,,,,,,,,,68.29,,,,
,,,3.053978,1.45318,1.973543,,,,,,,,,,68.29,,,,
,,,2.999304,1.453167,2.021947,,,,,,,,,,68.29,,,,
,,,2.998253,1.45344,1.925138,,,,,,,,,,68.29,,,,
,,,3.198052,1.453462,1.973542,,,,,,,,,,68.29,,,,
,,,3.104774,1.453462,1.973542,,,,,,,,,,68.29,,,,
,,,3.207172,1.453114,1.828331,,,,,,,,,,68.29,,,,
,,,3.2039,1.527172,1.825064,,,,,,,,,,68.29,,,,
,,,3.206316,1.527159,1.825066,,,,,,,,,,68.29,,,,
,,,3.103123,1.527171,1.825066,,,,,,,,,,68.29,,,,
,,,3.209115,1.526066,1.815929,,,,,,,,,,68.29,,,,
,,,3.197728,1.526053,1.815929,,,,,,,,,,68.29,,,,
,,,3.206633,1.526085,1.826252,,,,,,,,,,68.29,,,,
,,,3.206634,1.531739,1.729443,,,,,,,,,,68.29,,,,
,,,3.206634,1.531746,1.75831,,,,,,,,,,68.29,,,,
,,,3.209008,1.531684,1.709906,,,,,,,,,,68.29,,,,
,,,3.370651,1.550607,1.725302,,,,,,,,,,68.29,,,,
,,,3.370648,1.550619,1.712238,,,,,,,,,,68.29,,,,
,,,3.295534,1.550619,1.712238,,,,,,,,,,68.29,,,,
,,,3.295538,1.568887,1.663833,,,,,,,,,,68.29,,,,
,,,3.295538,1.568907,1.663833,,,,,,,,,,68.29,,,,
,,,3.302618,1.568914,1.660044,,,,,,,,,,68.29,,,,
,,,3.298292,1.568914,1.660044,,,,,,,,,,68.29,,,,
,,,3.508103,1.568879,1.674156,,,,,,,,,,68.29,,,,
,,,3.512643,1.568873,1.62575,,,,,,,,,,68.29,,,,
,,,3.637435,1.641971,1.62575,,,,,,,,,,68.29,,,,
,,,3.638616,1.641971,1.62575,,,,,,,,,,68.29,,,,
,,,3.635147,1.641986,1.480536,,,,,,,,,,68.29,,,,
,,,3.635477,1.641979,1.432132,,,,,,,,,,68.29,,,,
,,,3.635431,1.660264,1.432131,,,,,,,,,,68.29,,,,
,,,3.635265,1.659577,1.432131,,,,,,,,,,68.29,,,,
,,,3.710074,1.659635,1.432131,,,,,,,,,,68.29,,,,
,,,3.712083,1.653776,1.432131,,,,,,,,,,68.29,,,,
,,,3.710915,1.648678,1.383726,,,,,,,,,,68.29,,,,
,,,3.599828,1.643514,1.383729,,,,,,,,,,68.29,,,,
,,,3.716549,1.642542,1.383729,,,,,,,,,,68.29,,,,
,,,3.719813,1.640941,1.383729,,,,,,,,,,68.29,,,,
,,,3.623433,1.636797,1.372997,,,,,,,,,,68.29,,,,
,,,3.747138,1.632633,1.324594,,,,,,,,,,68.29,,,,
,,,3.732567,1.632637,1.324594,,,,,,,,,,63.84,,,,
,,,3.619419,1.626795,1.276651,,,,,,,,,,63.84,,,,
,,,3.751738,1.620962,1.276651,,,,,,,,,,63.84,,,,
,,,3.718669,1.620974,1.180425,,,,,,,,,,63.84,,,,
,,,3.621797,1.615339,1.22883,,,,,,,,,,63.84,,,,
,,,3.621568,1.615344,1.228245,,,,,,,,,,63.84,,,,
,,,3.618474,1.609082,1.228245,,,,,,,,,,63.84,,,,
,,,3.618456,1.609088,1.135869,,,,,,,,,,63.84,,,,
,,,3.844267,1.60713,1.135869,,,,,,,,,,63.84,,,,
,,,3.864782,1.599551,1.135869,,,,,,,,,,63.84,,,,
,,,3.898938,1.600818,1.148932,,,,,,,,,,63.84,,,,
,,,3.898665,1.590795,1.148932,,,,,,,,,,63.84,,,,
,,,3.926248,1.594268,1.100527,,,,,,,,,,63.84,,,,
,,,3.960044,1.592493,1.100527,,,,,,,,,,63.84,,,,
,,,3.975399,1.58582,1.100527,,,,,,,,,,63.84,,,,
,,,3.975359,1.579278,1.037894,,,,,,,,,,63.84,,,,
,,,3.979896,1.581577,1.035121,,,,,,,,,,63.84,,,,
,,,4.003161,1.577848,0.9867164,,,,,,,,,,63.84,,,,
,,,3.999122,1.577835,0.9867164,,,,,,,,,,63.84,,,,
,,,4.018513,1.575309,0.9867164,,,,,,,,,,63.84,,,,
,,,4.04865,1.574573,0.9867164,,,,,,,,,,63.84,,,,
,,,4.048722,1.563425,0.9867164,,,,,,,,,,63.84,,,,
,,,4.048591,1.567953,0.9861333,,,,,,,,,,63.84,,,,
,,,4.054918,1.559392,0.8881583,,,,,,,,,,63.84,,,,
,,,4.054899,1.561129,0.8881583,,,,,,,,,,63.84,,,,
,,,4.077685,1.560735,0.8881583,,,,,,,,,,63.84,,,,
,,,4.077685,1.561364,0.839754,,,,,,,,,,63.84,,,,
,,,4.104598,1.557272,0.839754,,,,,,,,,,63.84,,,,
,,,4.092534,1.554416,0.839754,,,,,,,,,,63.84,,,,
,,,4.102002,1.549987,0.8403354,,,,,,,,,,63.84,,,,
,,,4.102004,1.553339,0.8070943,,,,,,,,,,63.84,,,,
,,,4.128597,1.547504,0.8026348,,,,,,,,,,63.84,,,,
,,,4.128634,1.548711,0.7965674,,,,,,,,,,63.84,,,,
,,,4.130368,1.544212,0.7965705,,,,,,,,,,63.84,,,,
,,,4.130349,1.544292,0.7971537,,,,,,,,,,63.84,,,,
,,,4.130608,1.532611,0.7487459,,,,,,,,,,63.84,,,,
,,,4.150801,1.532556,0.7487473,,,,,,,,,,63.84,,,,
,,,4.14169,1.538549,0.7487463,,,,,,,,,,63.84,,,,
,,,4.150732,1.534496,0.7487463,,,,,,,,,,63.84,,,,
,,,4.152549,1.531394,0.7487463,,,,,,,,,,63.84,,,,
,,,4.177474,1.530578,0.6507719,,,,,,,,,,63.84,,,,
,,,4.171902,1.531576,0.7003426,,,,,,,,,,63.84,,,,
,,,4.177613,1.53159,0.7003447,,,,,,,,,,63.84,,,,
,,,4.173117,1.52965,0.6023697,,,,,,,,,,63.84,,,,
,,,4.20699,1.523762,0.6051686,,,,,,,,,,63.84,,,,
,,,4.207385,1.523766,0.6051686,,,,,,,,,,63.84,,,,
,,,4.213402,1.523829,0.605169,,,,,,,,,,63.84,,,,
,,,4.213398,1.522273,0.6023678,,,,,,,,,,63.84,,,,
,,,4.2134,1.52229,0.5533803,,,,,,,,,,63.84,,,,
,,,4.213914,1.510605,0.5545467,,,,,,,,,,63.84,,,,
,,,4.230622,1.510558,0.5361188,,,,,,,,,,63.84,,,,
,,,4.230617,1.514108,0.5361211,,,,,,,,,,63.84,,,,
,,,4.227025,1.508825,0.5361211,,,,,,,,,,63.84,,,,
,,,4.240918,1.508945,0.5361208,,,,,,,,,,63.84,,,,
,,,4.239741,1.508945,0.4899303,,,,,,,,,,63.84,,,,
,,,4.250852,1.508858,0.4871335,,,,,,,,,,63.84,,,,
,,,4.25075,1.509374,0.4969287,,,,,,,,,,63.84,,,,
,,,4.250627,1.504241,0.4969287,,,,,,,,,,63.84,,,,
,,,4.250722,1.504194,0.4969287,,,,,,,,,,63.84,,,,
,,,4.26002,1.506312,0.4463054,,,,,,,,,,63.84,,,,
,,,4.232891,1.503821,0.4615851,,,,,,,,,,60.32,,,,
,,,4.264504,1.497152,0.4610026,,,,,,,,,,60.32,,,,
,,,4.265099,1.499293,0.4502706,,,,,,,,,,60.32,,,,
,,,4.269932,1.498624,0.4502721,,,,,,,,,,60.32,,,,
,,,4.263257,1.491335,0.4520188,,,,,,,,,,60.32,,,,
,,,4.263405,1.489399,0.4030313,,,,,,,,,,60.32,,,,
,,,4.271147,1.491528,0.4030329,,,,,,,,,,60.32,,,,
,,,4.271135,1.491356,0.4041977,,,,,,,,,,60.32,,,,
,,,4.271126,1.491361,0.4013985,,,,,,,,,,60.32,,,,
,,,4.270984,1.493499,0.4013985,,,,,,,,,,60.32,,,,
,,,4.270977,1.490133,0.3898515,,,,,,,,,,60.32,,,,
,,,4.259821,1.490135,0.3959785,,,,,,,,,,60.32,,,,
,,,4.282732,1.493398,0.369851,,,,,,,,,,60.32,,,,
,,,4.270021,1.490799,0.369851,,,,,,,,,,60.32,,,,
,,,4.269954,1.488374,0.369851,,,,,,,,,,60.32,,,,
,,,4.269953,1.490023,0.369851,,,,,,,,,,60.32,,,,
,,,4.286944,1.48629,0.3686847,,,,,,,,,,60.32,,,,
,,,4.286985,1.483698,0.3585382,,,,,,,,,,60.32,,,,
,,,4.286982,1.483763,0.3362602,,,,,,,,,,60.32,,,,
,,,4.286604,1.485811,0.3139822,,,,,,,,,,60.32,,,,
,,,4.286607,1.486087,0.2970701,,,,,,,,,,60.32,,,,
,,,4.286608,1.481854,0.2747922,,,,,,,,,,60.32,,,,
,,,4.284059,1.482976,0.2747922,,,,,,,,,,60.32,,,,
,,,4.3114,1.482997,0.2739752,,,,,,,,,,60.32,,,,
,,,4.312615,1.479488,0.3441912,,,,,,,,,,60.32,,,,
,,,4.288409,1.479486,0.3441912,,,,,,,,,,60.32,,,,
,,,4.294376,1.480217,0.3441923,,,,,,,,,,60.32,,,,
,,,4.29637,1.481631,0.3207479,,,,,,,,,,60.32,,,,
,,,4.284853,1.480387,0.3207479,,,,,,,,,,60.32,,,,
,,,4.298304,1.475976,0.3207479,,,,,,,,,,60.32,,,,
,,,4.296848,1.470515,0.3462926,,,,,,,,,,60.32,,,,
,,,4.319768,1.470548,0.3462926,,,,,,,,,,60.32,,,,
,,,4.319378,1.471273,0.3462926,,,,,,,,,,60.32,,,,
,,,4.330658,1.477551,0.3462926,,,,,,,,,,60.32,,,,
,,,4.318757,1.477586,0.3240146,,,,,,,,,,60.32,,,,
,,,4.32868,1.533243,0.3240146,,,,,,,,,,60.32,,,,
,,,4.319316,1.533221,0.3240146,,,,,,,,,,60.32,,,,
,,,4.319657,1.474934,0.3023587,,,,,,,,,,60.32,,,,
,,,4.32094,1.474908,0.3057411,,,,,,,,,,60.32,,,,
,,,4.327712,1.474959,0.3057411,,,,,,,,,,60.32,,,,
,,,4.308018,1.474975,0.3324505,,,,,,,,,,60.32,,,,
,,,4.308138,1.474972,0.2344736,,,,,,,,,,60.32,,,,
,,,4.304773,1.474982,0.2344736,,,,,,,,,,60.32,,,,
,,,4.319729,1.473843,0.2344736,,,,,,,,,,60.32,,,,
,,,4.296245,1.473852,0.2344736,,,,,,,,,,60.32,,,,
,,,4.294554,1.473899,0.2118437,,,,,,,,,,60.32,,,,
,,,4.295483,1.473866,0.2501012,,,,,,,,,,60.32,,,,
,,,4.300198,1.622601,0.2385533,,,,,,,,,,60.32,,,,
,,,4.300176,1.622485,0.2014645,,,,,,,,,,60.32,,,,
,,,4.313951,1.622465,0.2014643,,,,,,,,,,60.32,,,,
,,,4.314332,1.622783,0.2014643,,,,,,,,,,60.32,,,,
,,,4.307625,1.622748,0.2014643,,,,,,,,,,60.32,,,,
,,,4.309489,1.466732,0.1980805,,,,,,,,,,60.32,,,,
,,,4.298487,1.681542,0.2026309,,,,,,,,,,60.32,,,,
,,,4.298529,1.681531,0.2020473,,,,,,,,,,60.32,,,,
,,,4.316866,1.468793,0.2020473,,,,,,,,,,60.32,,,,
,,,4.3158,1.702544,0.1797693,,,,,,,,,,60.32,,,,
,,,4.315798,1.701911,0.1797693,,,,,,,,,,60.32,,,,
,,,4.308003,1.701511,0.1791861,,,,,,,,,,60.32,,,,
,,,4.308004,1.701527,0.1791861,,,,,,,,,,60.32,,,,
,,,4.31178,1.701524,0.1791861,,,,,,,,,,57.14,,,,
,,,4.311643,1.700369,0.1786029,,,,,,,,,,57.14,,,,
,,,4.311644,1.703762,0.1786027,,,,,,,,,,57.14,,,,
,,,4.31164,1.666393,0.1786027,,,,,,,,,,57.14,,,,
,,,4.299202,1.62823,0.1786027,,,,,,,,,,57.14,,,,
,,,4.299201,1.628761,0.1786027,,,,,,,,,,57.14,,,,
,,,4.296539,1.628777,0.1786027,,,,,,,,,,57.14,,,,
,,,4.298201,1.615222,0.1819867,,,,,,,,,,57.14,,,,
,,,4.293795,1.615285,0.1835017,,,,,,,,,,57.14,,,,
,,,4.293413,1.613424,0.1835017,,,,,,,,,,57.14,,,,
,,,4.316308,1.613373,0.1835017,,,,,,,,,,57.14,,,,
,,,4.313345,1.871079,0.1852512,,,,,,,,,,57.14,,,,
,,,4.317771,1.871803,0.1852512,,,,,,,,,,57.14,,,,
,,,4.318713,1.82912,0.1629742,,,,,,,,,,57.14,,,,
,,,4.309301,1.793716,0.1827993,,,,,,,,,,57.14,,,,
,,,4.333624,1.813748,0.1827993,,,,,,,,,,57.14,,,,
,,,4.333626,1.81375,0.1827993,,,,,,,,,,57.14,,,,
,,,4.306713,1.812883,0.184199,,,,,,,,,,57.14,,,,
,,,4.306772,1.743618,0.1839672,,,,,,,,,,57.14,,,,
,,,4.318137,1.743613,0.1848987,,,,,,,,,,57.14,,,,
,,,4.329679,1.673489,0.1848987,,,,,,,,,,57.14,,,,
,,,4.331553,1.673476,0.1364944,,,,,,,,,,57.14,,,,
,,,4.330984,1.474053,0.1364944,,,,,,,,,,57.14,,,,
,,,4.319503,1.470155,0.164837,,,,,,,,,,57.14,,,,
,,,4.319501,1.472785,0.164837,,,,,,,,,,57.14,,,,
,,,4.353513,1.472793,0.2126582,,,,,,,,,,57.14,,,,
,,,4.353508,1.47023,0.2126582,,,,,,,,,,57.14,,,,
,,,4.338081,1.475448,0.2126582,,,,,,,,,,57.14,,,,
,,,4.333715,1.475457,0.1650703,,,,,,,,,,57.14,,,,
,,,4.349665,1.401388,0.1903802,,,,,,,,,,57.14,,,,
,,,4.336469,1.401373,0.1903802,,,,,,,,,,57.14,,,,
,,,4.335926,1.474023,0.1911967,,,,,,,,,,57.14,,,,
,,,4.334527,1.4771,0.1911967,,,,,,,,,,57.14,,,,
,,,4.331833,1.475458,0.1911967,,,,,,,,,,57.14,,,,
,,,4.341944,1.476565,0.2023949,,,,,,,,,,57.14,,,,
,,,4.35016,1.476405,0.2023949,,,,,,,,,,57.14,,,,
,,,4.355645,1.476403,0.2029781,,,,,,,,,,57.14,,,,
,,,4.347873,1.474435,0.2037946,,,,,,,,,,57.14,,,,
,,,4.343989,1.479183,0.1801169,,,,,,,,,,57.14,,,,
,,,4.343987,1.479166,0.1801169,,,,,,,,,,57.14,,,,
,,,4.342422,1.484997,0.1801169,,,,,,,,,,57.14,,,,
,,,4.352375,1.479933,0.1801169,,,,,,,,,,57.14,,,,
,,,4.35948,1.479952,0.1809333,,,,,,,,,,57.14,,,,
,,,4.353339,1.480358,0.1809333,,,,,,,,,,57.14,,,,
,,,4.347629,1.479347,0.2299208,,,,,,,,,,57.14,,,,
,,,4.340382,1.479385,0.2299208,,,,,,,,,,57.14,,,,
,,,4.363213,1.440643,0.2028615,,,,,,,,,,57.14,,,,
,,,4.363211,1.440615,0.2051385,,,,,,,,,,57.14,,,,
,,,4.363208,1.440608,0.205956,,,,,,,,,,57.14,,,,
,,,4.363205,1.422116,0.2047896,,,,,,,,,,57.14,,,,
,,,4.365024,1.421672,0.2537771,,,,,,,,,,57.14,,,,
,,,4.364391,1.415952,0.2509772,,,,,,,,,,57.14,,,,
,,,4.357238,1.432807,0.2509772,,,,,,,,,,57.14,,,,
,,,4.35712,1.432823,0.2278837,,,,,,,,,,57.14,,,,
,,,4.358077,1.432826,0.2768712,,,,,,,,,,57.14,,,,
,,,4.361183,1.43282,0.2768712,,,,,,,,,,57.14,,,,
,,,4.361695,1.396867,0.2794359,,,,,,,,,,57.14,,,,
,,,4.336577,1.395429,0.2890013,,,,,,,,,,57.14,,,,
,,,4.365304,1.38594,0.2890013,,,,,,,,,,57.14,,,,
,,,4.361996,1.385934,0.2930837,,,,,,,,,,57.14,,,,
,,,4.345919,1.381182,0.2940164,,,,,,,,,,54.86,,,,
,,,4.349033,1.423468,0.2940164,,,,,,,,,,54.86,,,,
,,,4.331145,1.331716,0.294017,,,,,,,,,,54.86,,,,
,,,4.347137,1.423129,0.2940161,,,,,,,,,,54.86,,,,
,,,4.332119,1.43311,0.3414879,,,,,,,,,,54.86,,,,
,,,4.330121,1.338879,0.3414879,,,,,,,,,,54.86,,,,
,,,4.34592,1.341662,0.3414879,,,,,,,,,,54.86,,,,
,,,4.331755,1.341671,0.6104549,,,,,,,,,,54.86,,,,
,,,4.331683,1.356602,0.6104549,,,,,,,,,,54.86,,,,
,,,4.331664,1.356599,0.6104549,,,,,,,,,,54.86,,,,
,,,4.333128,1.353228,0.7078468,,,,,,,,,,54.86,,,,
,,,4.340319,1.377774,0.7074994,,,,,,,,,,54.86,,,,
,,,4.340834,1.354798,0.8454223,,,,,,,,,,54.86,,,,
,,,4.341012,1.327042,0.8452473,,,,,,,,,,54.86,,,,
,,,4.327147,1.326175,0.8936517,,,,,,,,,,54.86,,,,
,,,4.327145,1.335245,0.9420557,,,,,,,,,,54.86,,,,
,,,4.299672,1.335252,1.380613,,,,,,,,,,54.86,,,,
,,,4.299499,1.319103,1.380613,,,,,,,,,,54.86,,,,
,,,4.299498,1.328264,1.525826,,,,,,,,,,54.86,,,,
,,,4.299494,1.32825,1.497252,,,,,,,,,,54.86,,,,
,,,4.299494,1.326178,1.599308,,,,,,,,,,54.86,,,,
,,,4.301521,1.341099,2.662457,,,,,,,,,,54.86,,,,
,,,4.301529,1.365892,3.049692,,,,,,,,,,54.86,,,,
,,,4.316248,1.365922,3.049692,,,,,,,,,,54.86,,,,
,,,4.318916,1.365916,3.049692,,,,,,,,,,54.86,,,,
,,,4.318927,1.372347,2.81986,,,,,,,,,,54.86,,,,
,,,4.319327,1.364866,3.158867,,,,,,,,,,54.86,,,,
,,,4.270239,1.365363,3.158867,,,,,,,,,,54.86,,,,
,,,4.270232,1.382959,3.158867,,,,,,,,,,54.86,,,,
,,,4.259218,1.335589,3.158692,,,,,,,,,,54.86,,,,
,,,4.297111,1.339046,3.207271,,,,,,,,,,54.86,,,,
,,,4.297314,1.34654,3.207271,,,,,,,,,,54.86,,,,
,,,4.2973,1.339043,3.207271,,,,,,,,,,54.86,,,,
,,,4.297304,1.343133,3.207096,,,,,,,,,,54.86,,,,
,,,4.284242,1.36365,3.207096,,,,,,,,,,54.86,,,,
,,,4.284249,1.363641,3.207096,,,,,,,,,,54.86,,,,
,,,4.284193,1.384517,3.207096,,,,,,,,,,54.86,,,,
,,,4.284198,1.386739,3.244069,,,,,,,,,,54.86,,,,
,,,4.273171,1.386739,4.744784,,,,,,,,,,54.86,,,,
,,,4.283924,1.390006,4.744784,,,,,,,,,,54.86,,,,
,,,4.275346,1.382497,4.744784,,,,,,,,,,54.86,,,,
,,,4.275084,1.38242,4.744784,,,,,,,,,,54.86,,,,
,,,4.271975,1.360577,4.938404,,,,,,,,,,54.86,,,,
,,,4.28121,1.415677,4.938404,,,,,,,,,,54.86,,,,
,,,4.281214,1.390826,4.938404,,,,,,,,,,54.86,,,,
,,,4.294584,1.410763,5.37387,,,,,,,,,,54.86,,,,
,,,4.29446,1.363975,5.519084,,,,,,,,,,54.86,,,,
,,,4.294461,1.381834,5.519084,,,,,,,,,,54.86,,,,
,,,4.27388,1.345276,5.519084,,,,,,,,,,54.86,,,,
,,,4.273317,1.377716,5.56749,,,,,,,,,,54.86,,,,
,,,4.275594,1.357616,5.567315,,,,,,,,,,54.86,,,,
,,,4.275681,1.35762,5.567315,,,,,,,,,,54.86,,,,
,,,4.278259,1.372324,5.567315,,,,,,,,,,54.86,,,,
,,,4.278283,1.364013,5.567315,,,,,,,,,,54.86,,,,
,,,4.286635,1.363654,5.518909,,,,,,,,,,54.86,,,,
,,,4.289055,1.362653,5.518909,,,,,,,,,,54.86,,,,
,,,4.289088,1.362651,6.077307,,,,,,,,,,54.86,,,,
,,,4.289419,1.362826,6.043015,,,,,,,,,,54.86,,,,
,,,4.290198,1.362842,5.800994,,,,,,,,,,54.86,,,,
,,,4.282856,1.379433,6.236633,,,,,,,,,,54.86,,,,
,,,4.280443,1.379442,6.236635,,,,,,,,,,54.63,,,,
,,,4.286901,1.379879,6.236809,,,,,,,,,,54.63,,,,
,,,4.28723,1.356852,6.236635,,,,,,,,,,54.63,,,,
,,,4.281243,1.353166,6.236635,,,,,,,,,,54.63,,,,
,,,4.282216,1.348003,6.23646,,,,,,,,,,54.63,,,,
,,,4.281109,1.381996,6.28154,,,,,,,,,,54.63,,,,
,,,4.282073,1.383462,6.28154,,,,,,,,,,54.63,,,,
,,,4.282046,1.360705,6.28154,,,,,,,,,,54.63,,,,
,,,4.28184,1.360711,6.765586,,,,,,,,,,54.63,,,,
,,,4.281842,1.360764,6.743134,,,,,,,,,,54.63,,,,
,,,4.283019,1.367364,6.743134,,,,,,,,,,54.63,,,,
,,,4.269955,1.383905,6.743134,,,,,,,,,,54.63,,,,
,,,4.269952,1.3839,6.743134,,,,,,,,,,54.63,,,,
,,,4.269955,1.38436,6.743134,,,,,,,,,,54.63,,,,
,,,4.25883,1.412004,6.674902,,,,,,,,,,54.63,,,,
,,,4.258829,1.412013,7.013733,,,,,,,,,,54.63,,,,
,,,4.254776,1.412331,7.013731,,,,,,,,,,54.63,,,,
,,,4.245663,1.400953,7.036185,,,,,,,,,,54.63,,,,
,,,4.234537,1.399187,7.036185,,,,,,,,,,54.63,,,,
,,,4.238354,1.398827,6.85379,,,,,,,,,,54.63,,,,
,,,4.192335,1.408527,6.792554,,,,,,,,,,54.63,,,,
,,,4.192332,1.397657,7.131385,,,,,,,,,,54.63,,,,
,,,4.19233,1.397203,7.131385,,,,,,,,,,54.63,,,,
,,,4.232769,1.404078,6.897762,,,,,,,,,,54.63,,,,
,,,4.22,1.402925,6.897762,,,,,,,,,,54.63,,,,
,,,4.186632,1.404399,6.923713,,,,,,,,,,54.63,,,,
,,,4.182832,1.396356,6.923888,,,,,,,,,,54.63,,,,
,,,4.182829,1.398797,6.923887,,,,,,,,,,54.63,,,,
,,,4.149461,1.402422,6.923887,,,,,,,,,,54.63,,,,
,,,4.104952,1.392191,7.193611,,,,,,,,,,54.63,,,,
,,,4.104948,1.396476,7.242014,,,,,,,,,,54.63,,,,
,,,4.10495,1.399011,7.338823,,,,,,,,,,54.63,,,,
,,,4.095699,1.398954,7.329494,,,,,,,,,,54.63,,,,
,,,4.039682,1.398246,7.329494,,,,,,,,,,54.63,,,,
,,,3.997196,1.398177,7.426303,,,,,,,,,,54.63,,,,
,,,4.001774,1.390489,7.368789,,,,,,,,,,54.63,,,,
,,,4.001769,1.395398,7.417194,,,,,,,,,,54.63,,,,
,,,3.994998,1.39051,7.417194,,,,,,,,,,54.63,,,,
,,,3.996663,1.39263,7.417194,,,,,,,,,,54.63,,,,
,,,3.996664,1.39177,7.454167,,,,,,,,,,54.63,,,,
,,,4.029794,1.3918,7.454167,,,,,,,,,,54.63,,,,
,,,4.029794,1.394256,7.480292,,,,,,,,,,54.63,,,,
,,,4.029795,1.390341,7.480292,,,,,,,,,,54.63,,,,
,,,4.029796,1.390312,7.50537,,,,,,,,,,54.63,,,,
,,,4.02979,1.39382,7.505369,,,,,,,,,,54.63,,,,
,,,4.029791,1.389314,7.505369,,,,,,,,,,54.63,,,,
,,,4.037087,1.391416,7.556687,,,,,,,,,,54.63,,,,
,,,4.067416,1.390947,7.556687,,,,,,,,,,54.63,,,,
,,,4.045527,1.258923,7.556687,,,,,,,,,,54.63,,,,
,,,4.045526,1.258971,7.556687,,,,,,,,,,54.63,,,,
,,,4.045525,1.263662,7.556687,,,,,,,,,,54.63,,,,
,,,4.045524,1.267198,7.584682,,,,,,,,,,54.63,,,,
,,,4.045524,1.293264,7.584682,,,,,,,,,,54.63,,,,
,,,4.045527,1.26419,7.584682,,,,,,,,,,54.63,,,,
,,,4.045523,1.296489,7.584682,,,,,,,,,,54.63,,,,
,,,4.045521,1.296539,7.636002,,,,,,,,,,54.63,,,,
,,,4.045524,1.28248,7.636003,,,,,,,,,,54.63,,,,
,,,4.045524,1.299404,7.636003,,,,,,,,,,54.63,,,,
,,,4.045521,1.298751,7.672975,,,,,,,,,,54.63,,,,
,,,4.045521,1.269872,7.663527,,,,,,,,,,54.63,,,,
,,,4.045522,1.255624,7.663527,,,,,,,,,,54.59,,,,
,,,4.05972,1.244565,7.663527,,,,,,,,,,54.59,,,,
,,,4.05972,1.244572,7.663527,,,,,,,,,,54.59,,,,
,,,4.059721,1.23272,7.663527,,,,,,,,,,54.59,,,,
,,,4.059723,1.27725,7.663527,,,,,,,,,,54.59,,,,
,,,4.059722,1.277307,7.663527,,,,,,,,,,54.59,,,,
,,,4.059719,1.283975,7.663527,,,,,,,,,,54.59,,,,
,,,4.059722,1.284046,7.674844,,,,,,,,,,54.59,,,,
,,,4.059722,1.276242,7.674844,,,,,,,,,,54.59,,,,
,,,4.058618,1.274261,7.674844,,,,,,,,,,54.59,,,,
,,,4.058614,1.280903,7.674844,,,,,,,,,,54.59,,,,
,,,4.018363,1.28085,7.674844,,,,,,,,,,54.59,,,,
,,,4.018364,1.280817,7.674844,,,,,,,,,,54.59,,,,
,,,4.018362,1.280765,7.674844,,,,,,,,,,54.59,,,,
,,,4.018361,1.269742,7.674844,,,,,,,,,,54.59,,,,
,,,4.018362,1.269797,7.697121,,,,,,,,,,54.59,,,,
,,,4.018364,1.269773,7.697121,,,,,,,,,,54.59,,,,
,,,4.018364,1.269735,7.709625,,,,,,,,,,54.59,,,,
,,,4.018364,1.269715,7.709625,,,,,,,,,,54.59,,,,
,,,4.018364,1.249627,7.709625,,,,,,,,,,54.59,,,,
,,,4.018365,1.249585,7.709625,,,,,,,,,,54.59,,,,
,,,4.018364,1.268367,7.709625,,,,,,,,,,54.59,,,,
,,,3.988034,1.26018,7.73097,,,,,,,,,,54.59,,,,
,,,4.011065,1.260187,7.709624,,,,,,,,,,54.59,,,,
,,,4.01107,1.260153,7.731898,,,,,,,,,,54.59,,,,
,,,4.011064,1.26165,7.731898,,,,,,,,,,54.59,,,,
,,,3.980739,1.261619,7.731898,,,,,,,,,,54.59,,,,
,,,3.980741,1.261619,7.877114,,,,,,,,,,54.59,,,,
,,,3.980744,1.261586,7.758029,,,,,,,,,,54.59,,,,
,,,3.980743,1.316645,7.877116,,,,,,,,,,54.59,,,,
,,,3.980742,1.316622,7.780306,,,,,,,,,,54.59,,,,
,,,3.957842,1.32718,7.880032,,,,,,,,,,54.59,,,,
,,,3.957841,1.304917,7.891461,,,,,,,,,,54.59,,,,
,,,3.95777,1.304854,7.913739,,,,,,,,,,54.59,,,,
,,,3.923411,1.292224,7.913739,,,,,,,,,,54.59,,,,
,,,3.90051,1.292124,7.913739,,,,,,,,,,54.59,,,,
,,,3.900651,1.505491,7.913739,,,,,,,,,,54.59,,,,
,,,3.900648,1.36009,7.913739,,,,,,,,,,54.59,,,,
,,,3.900656,1.357973,7.91374,,,,,,,,,,54.59,,,,
,,,3.88613,1.309468,7.962146,,,,,,,,,,54.59,,,,
,,,3.828876,1.30944,7.962146,,,,,,,,,,54.59,,,,
,,,3.82803,1.309303,7.962147,,,,,,,,,,54.59,,,,
,,,3.828025,1.301077,7.962147,,,,,,,,,,54.59,,,,
,,,3.778065,1.310211,7.981973,,,,,,,,,,54.59,,,,
,,,3.732255,1.310192,7.957716,,,,,,,,,,54.59,,,,
,,,3.732263,1.310088,7.957716,,,,,,,,,,54.59,,,,
,,,3.717668,1.300966,7.957716,,,,,,,,,,54.59,,,,
,,,3.717672,1.300948,8.006122,,,,,,,,,,54.59,,,,
,,,3.717674,1.302278,7.98489,,,,,,,,,,54.59,,,,
,,,3.717696,1.30877,7.98489,,,,,,,,,,54.59,,,,
,,,3.677258,1.307773,7.98489,,,,,,,,,,54.59,,,,
,,,3.677228,1.308185,8.021868,,,,,,,,,,54.59,,,,
,,,3.677261,1.308186,7.998654,,,,,,,,,,54.59,,,,
,,,3.669936,1.280778,8.27531,,,,,,,,,,54.59,,,,
,,,3.669966,1.280768,8.27531,,,,,,,,,,54.59,,,,
,,,3.669966,1.280768,8.27531,,,,,,,,,,54.59,,,,
,,,3.669934,1.280777,8.232859,,,,,,,,,,54.59,,,,
,,,3.669934,1.280774,8.272395,,,,,,,,,,54.59,,,,
,,,3.655374,1.280791,8.276127,,,,,,,,,,54.59,,,,
,,,3.662636,1.356737,8.552778,,,,,,,,,,54.59,,,,
,,,3.662637,1.356749,8.504374,,,,,,,,,,52.06,,,,
,,,3.662605,1.356745,8.504374,,,,,,,,,,52.06,,,,
,,,3.648037,1.356754,8.616824,,,,,,,,,,52.06,,,,
,,,3.648011,1.358229,8.607492,,,,,,,,,,52.06,,,,
,,,3.64801,1.358696,9.105469,,,,,,,,,,52.06,,,,
,,,3.587358,1.36018,9.500943,,,,,,,,,,52.06,,,,
,,,3.587358,1.348478,9.888261,,,,,,,,,,52.06,,,,
,,,3.580061,1.348495,9.918003,,,,,,,,,,52.06,,,,
,,,3.580055,1.348504,9.918003,,,,,,,,,,52.06,,,,
,,,3.580059,1.348495,9.918003,,,,,,,,,,52.06,,,,
,,,3.580054,1.352105,9.918003,,,,,,,,,,52.06,,,,
,,,3.565465,1.352107,9.918003,,,,,,,,,,52.06,,,,
,,,3.572774,1.351164,10.30795,,,,,,,,,,52.06,,,,
,,,3.558174,1.351187,10.25663,,,,,,,,,,52.06,,,,
,,,3.565472,1.314731,10.25663,,,,,,,,,,52.06,,,,
,,,3.550879,1.314438,10.43647,,,,,,,,,,52.06,,,,
,,,1.339704,1.288287,10.12597,,,,,,,,,,52.06,,,,
,,,1.339714,1.291728,10.51328,,,,,,,,,,52.06,,,,
,,,1.339612,1.291728,10.52261,,,,,,,,,,52.06,,,,
,,,1.339615,1.290236,10.3241,,,,,,,,,,52.06,,,,
,,,1.396884,1.304751,10.3241,,,,,,,,,,52.06,,,,
,,,1.396876,1.304758,10.49928,,,,,,,,,,52.06,,,,
,,,1.396879,1.328496,10.49928,,,,,,,,,,52.06,,,,
,,,1.396879,1.331932,10.3241,,,,,,,,,,52.06,,,,
,,,1.350625,1.274437,10.50395,,,,,,,,,,52.06,,,,
,,,1.384825,1.274462,10.39834,,,,,,,,,,52.06,,,,
,,,1.384823,1.27449,10.72552,,,,,,,,,,52.06,,,,
,,,1.384815,1.273855,10.78753,,,,,,,,,,52.06,,,,
,,,1.384818,1.275369,10.89828,,,,,,,,,,52.06,,,,
,,,1.361896,1.288298,10.89369,,,,,,,,,,52.06,,,,
,,,1.362057,1.275688,10.66053,,,,,,,,,,52.06,,,,
,,,1.373345,1.276264,10.83308,,,,,,,,,,52.06,,,,
,,,1.373344,1.276264,10.86945,,,,,,,,,,52.06,,,,
,,,1.396248,1.285351,10.81133,,,,,,,,,,52.06,,,,
,,,1.382581,1.285351,10.81133,,,,,,,,,,52.06,,,,
,,,1.382564,1.305375,10.72486,,,,,,,,,,52.06,,,,
,,,1.382562,1.305215,10.89819,,,,,,,,,,52.06,,,,
,,,1.394012,1.306149,10.85731,,,,,,,,,,52.06,,,,
,,,1.148588,1.333986,10.84867,,,,,,,,,,52.06,,,,
,,,1.148582,1.323751,10.90125,,,,,,,,,,52.06,,,,
,,,1.14859,1.300568,10.90032,,,,,,,,,,52.06,,,,
,,,1.194392,1.330844,11.0712,,,,,,,,,,52.06,,,,
,,,1.194393,1.332661,11.06829,,,,,,,,,,52.06,,,,
,,,1.240194,1.363123,11.07295,,,,,,,,,,52.06,,,,
,,,1.240152,1.355105,10.94281,,,,,,,,,,52.06,,,,
,,,1.251605,1.329099,10.96173,,,,,,,,,,52.06,,,,
,,,1.251608,1.329133,10.96705,,,,,,,,,,52.06,,,,
,,,1.251427,1.329133,10.98594,,,,,,,,,,52.06,,,,
,,,1.297228,1.333999,10.98232,,,,,,,,,,52.06,,,,
,,,1.308687,1.342416,10.98232,,,,,,,,,,52.06,,,,
,,,1.308688,1.372759,11.01878,,,,,,,,,,52.06,,,,
,,,1.388847,1.372747,11.01878,,,,,,,,,,52.06,,,,
,,,1.3995,1.373586,11.01878,,,,,,,,,,52.06,,,,
,,,1.399513,1.373586,10.84637,,,,,,,,,,52.06,,,,
,,,1.376679,1.374576,11.02812,,,,,,,,,,52.06,,,,
,,,1.376786,1.369007,11.01032,,,,,,,,,,52.06,,,,
,,,1.376789,1.372936,11.01032,,,,,,,,,,52.06,,,,
,,,1.376788,1.37243,11.01032,,,,,,,,,,52.06,,,,
,,,1.376866,1.373851,10.88631,,,,,,,,,,52.06,,,,
,,,1.376867,1.382327,11.11047,,,,,,,,,,52.06,,,,
,,,1.376838,1.382338,11.10732,,,,,,,,,,59,,,,
,,,1.376839,1.378833,11.1123,,,,,,,,,,59,,,,
,,,1.376949,1.382703,11.1123,,,,,,,,,,59,,,,
,,,1.376948,1.375999,10.93167,,,,,,,,,,59,,,,
,,,1.376928,1.38728,10.88793,,,,,,,,,,59,,,,
,,,1.388377,1.380268,11.27058,,,,,,,,,,59,,,,
,,,1.38849,1.395233,11.27058,,,,,,,,,,59,,,,
,,,1.308333,1.396223,11.13004,,,,,,,,,,59,,,,
,,,1.308333,1.396295,11.12808,,,,,,,,,,59,,,,
,,,1.308336,1.398219,10.94634,,,,,,,,,,59,,,,
,,,1.308323,1.404131,11.15331,,,,,,,,,,59,,,,
,,,1.308323,1.401449,11.15331,,,,,,,,,,59,,,,
,,,1.308358,1.407344,11.15331,,,,,,,,,,59,,,,
,,,1.308344,1.407363,11.16069,,,,,,,,,,59,,,,
,,,1.342693,1.400259,11.15602,,,,,,,,,,59,,,,
,,,1.342698,1.400259,11.15602,,,,,,,,,,59,,,,
,,,1.340647,1.400079,11.14731,,,,,,,,,,59,,,,
,,,1.340647,1.403266,10.97957,,,,,,,,,,59,,,,
,,,1.27194,1.395171,10.97957,,,,,,,,,,59,,,,
,,,1.271941,1.398249,11.22888,,,,,,,,,,59,,,,
,,,1.271952,1.404816,11.17467,,,,,,,,,,59,,,,
,,,1.354675,1.404913,11.17663,,,,,,,,,,59,,,,
,,,1.354682,1.401725,11.18211,,,,,,,,,,59,,,,
,,,1.35468,1.402947,11.16811,,,,,,,,,,59,,,,
,,,1.354653,1.411488,11.15481,,,,,,,,,,59,,,,
,,,1.34323,1.410373,11.22106,,,,,,,,,,59,,,,
,,,1.355017,1.41876,11.2041,,,,,,,,,,59,,,,
,,,1.369157,1.418712,11.2041,,,,,,,,,,59,,,,
,,,1.357713,1.415154,11.2041,,,,,,,,,,59,,,,
,,,1.35809,1.415308,11.34036,,,,,,,,,,59,,,,
,,,1.369538,1.421654,11.34036,,,,,,,,,,59,,,,
,,,1.369545,1.403855,11.27326,,,,,,,,,,59,,,,
,,,1.369545,1.419524,11.28726,,,,,,,,,,59,,,,
,,,1.369552,1.42796,11.42352,,,,,,,,,,59,,,,
,,,1.369408,1.431178,11.42352,,,,,,,,,,59,,,,
,,,1.369417,1.429374,11.48525,,,,,,,,,,59,,,,
,,,1.36941,1.426062,11.48525,,,,,,,,,,59,,,,
,,,1.346512,1.431652,11.45496,,,,,,,,,,59,,,,
,,,1.34648,1.4318,11.426,,,,,,,,,,59,,,,
,,,1.335037,1.430811,11.47592,,,,,,,,,,59,,,,
,,,1.300685,1.426622,11.4821,,,,,,,,,,59,,,,
,,,1.357948,1.426621,11.45496,,,,,,,,,,59,,,,
,,,1.357938,1.418016,11.43684,,,,,,,,,,59,,,,
,,,1.323603,1.417888,11.46344,,,,,,,,,,59,,,,
,,,1.323604,1.41683,11.65003,,,,,,,,,,59,,,,
,,,1.323582,1.412568,11.65003,,,,,,,,,,59,,,,
,,,1.323583,1.410636,11.67427,,,,,,,,,,59,,,,
,,,1.312128,1.41213,11.58488,,,,,,,,,,59,,,,
,,,1.312139,1.412147,11.58488,,,,,,,,,,59,,,,
,,,1.312143,1.412134,11.69828,,,,,,,,,,59,,,,
,,,1.300701,1.403529,11.69828,,,,,,,,,,59,,,,
,,,1.300712,1.403529,11.63014,,,,,,,,,,59,,,,
,,,1.300708,1.348892,11.70334,,,,,,,,,,59,,,,
,,,1.266364,1.345154,11.75336,,,,,,,,,,59,,,,
,,,1.266366,1.3441,11.7347,,,,,,,,,,59,,,,
,,,1.289225,1.343585,11.77995,,,,,,,,,,59,,,,
,,,1.277786,1.340591,11.77995,,,,,,,,,,59,,,,
,,,1.277784,1.340922,11.77995,,,,,,,,,,59,,,,
,,,1.277805,1.335154,11.77995,,,,,,,,,,59,,,,
,,,1.277805,1.333908,11.78928,,,,,,,,,,59,,,,
,,,1.277812,1.333885,11.78789,,,,,,,,,,98,,,,
,,,1.300741,1.335678,11.77693,,,,,,,,,,98,,,,
,,,1.243479,1.334092,11.7816,,,,,,,,,,98,,,,
,,,1.243454,1.33496,11.7816,,,,,,,,,,98,,,,
,,,1.243472,1.326372,11.82685,,,,,,,,,,98,,,,
,,,1.24347,1.326061,11.82219,,,,,,,,,,98,,,,
,,,1.232016,1.324518,11.78557,,,,,,,,,,98,,,,
,,,1.254896,1.324523,11.86894,,,,,,,,,,98,,,,
,,,1.254893,1.324511,11.86894,,,,,,,,,,98,,,,
,,,1.25489,1.324518,11.93707,,,,,,,,,,98,,,,
,,,1.254887,1.319801,11.84706,,,,,,,,,,98,,,,
,,,1.060215,1.320836,11.91385,,,,,,,,,,98,,,,
,,,1.060211,1.3168,11.8221,,,,,,,,,,98,,,,
,,,1.060209,1.318289,11.86736,,,,,,,,,,98,,,,
,,,0.9914997,1.317019,11.9631,,,,,,,,,,98,,,,
,,,0.9914929,1.317036,11.95843,,,,,,,,,,98,,,,
,,,0.9914907,1.317495,11.91117,,,,,,,,,,98,,,,
,,,0.991492,1.318102,11.91117,,,,,,,,,,98,,,,
,,,1.025868,1.313422,11.91117,,,,,,,,,,98,,,,
,,,1.025838,1.317074,11.94063,,,,,,,,,,98,,,,
,,,1.025838,1.312647,11.93596,,,,,,,,,,98,,,,
,,,1.025835,1.313122,11.93596,,,,,,,,,,98,,,,
,,,1.025833,1.313128,11.93596,,,,,,,,,,98,,,,
,,,1.037285,1.313128,11.93911,,,,,,,,,,98,,,,
,,,1.037309,1.313228,11.93911,,,,,,,,,,98,,,,
,,,1.037322,1.305692,11.93911,,,,,,,,,,98,,,,
,,,1.037314,1.311673,11.93911,,,,,,,,,,98,,,,
,,,1.037311,1.311669,11.93911,,,,,,,,,,98,,,,
,,,1.071665,1.304757,11.9797,,,,,,,,,,98,,,,
,,,1.02586,1.307516,11.9797,,,,,,,,,,98,,,,
,,,1.025817,1.302938,11.95427,,,,,,,,,,98,,,,
,,,1.025853,1.302934,11.95541,,,,,,,,,,98,,,,
,,,1.025847,1.302477,11.95541,,,,,,,,,,98,,,,
,,,0.9227859,1.30127,11.99961,,,,,,,,,,98,,,,
,,,0.7968301,1.301173,11.9939,,,,,,,,,,98,,,,
,,,0.7967786,1.254047,11.9939,,,,,,,,,,98,,,,
,,,0.7968179,1.251083,11.9939,,,,,,,,,,98,,,,
,,,0.7853398,1.256181,12.00276,,,,,,,,,,98,,,,
,,,0.7853398,1.25725,12.00276,,,,,,,,,,98,,,,
,,,0.7738816,1.256185,11.99238,,,,,,,,,,98,,,,
,,,0.7738816,1.250862,11.982,,,,,,,,,,98,,,,
,,,0.773908,1.250442,11.982,,,,,,,,,,98,,,,
,,,0.7738764,1.250446,12.07232,,,,,,,,,,98,,,,
,,,0.7624249,1.252572,12.07546,,,,,,,,,,98,,,,
,,,0.7624249,1.255754,12.19049,,,,,,,,,,98,,,,
,,,0.7624577,1.256085,12.03262,,,,,,,,,,98,,,,
,,,0.7624602,1.255451,12.1147,,,,,,,,,,98,,,,
,,,0.7625958,1.254667,12.04333,,,,,,,,,,98,,,,
,,,0.7625958,1.252074,12.08928,,,,,,,,,,98,,,,
,,,0.7740988,1.25208,12.08928,,,,,,,,,,98,,,,
,,,0.7740794,1.25495,11.99674,,,,,,,,,,98,,,,
,,,0.7740954,1.254509,11.99675,,,,,,,,,,98,,,,
,,,0.7741689,1.254519,11.99675,,,,,,,,,,98,,,,
,,,0.7741689,1.259064,11.9999,,,,,,,,,,98,,,,
,,,0.7970915,1.2587,11.9999,,,,,,,,,,98,,,,
,,,0.7971976,1.255263,12.11056,,,,,,,,,,98,,,,
,,,0.7972096,1.260759,12.07416,,,,,,,,,,98,,,,
,,,0.7972372,1.260532,12.09399,,,,,,,,,,98,,,,
,,,0.7972843,1.260822,12.09399,,,,,,,,,,98,,,,
,,,0.7972843,1.259752,12.07008,,,,,,,,,,98,,,,
,,,0.7972797,1.257357,12.11733,,,,,,,,,,65,,,,
,,,0.7972808,1.256304,12.09877,,,,,,,,,,65,,,,
,,,0.7973152,1.256009,12.1165,,,,,,,,,,65,,,,
,,,0.7973152,1.254841,12.24777,,,,,,,,,,65,,,,
,,,0.7973095,1.249117,12.20245,,,,,,,,,,65,,,,
,,,0.7974566,1.239069,12.20245,,,,,,,,,,65,,,,
,,,0.8432749,1.257374,12.17904,,,,,,,,,,65,,,,
,,,0.9120098,1.259831,12.18605,,,,,,,,,,65,,,,
,,,0.9120098,1.276718,12.05134,,,,,,,,,,65,,,,
,,,0.9120413,1.279122,12.05449,,,,,,,,,,65,,,,
,,,0.9120616,1.264262,12.02009,,,,,,,,,,65,,,,
,,,0.9006103,1.264057,12.04683,,,,,,,,,,65,,,,
,,,0.9006177,1.261826,12.09524,,,,,,,,,,65,,,,
,,,0.9006234,1.263426,11.95897,,,,,,,,,,65,,,,
,,,0.9235485,1.263443,11.95897,,,,,,,,,,65,,,,
,,,0.9235482,1.267918,12.04683,,,,,,,,,,65,,,,
,,,0.9234676,1.26923,12.03068,,,,,,,,,,65,,,,
,,,0.9234837,1.269338,12.03068,,,,,,,,,,65,,,,
,,,0.9236286,1.269597,12.03634,,,,,,,,,,65,,,,
,,,0.9582841,1.269752,12.04771,,,,,,,,,,65,,,,
,,,0.9925786,1.229934,12.04771,,,,,,,,,,65,,,,
,,,0.9926497,1.234394,12.0378,,,,,,,,,,65,,,,
,,,1.004161,1.229682,12.04421,,,,,,,,,,65,,,,
,,,1.004161,1.288748,11.85469,,,,,,,,,,65,,,,
,,,1.004099,1.285542,11.88472,,,,,,,,,,65,,,,
,,,1.004155,1.285538,11.85737,,,,,,,,,,65,,,,
,,,1.004155,1.286894,11.85877,,,,,,,,,,65,,,,
,,,1.004136,1.309058,11.84885,,,,,,,,,,65,,,,
,,,1.004133,1.309154,11.88565,,,,,,,,,,65,,,,
,,,1.004205,1.287773,11.88478,,,,,,,,,,65,,,,
,,,1.015617,1.301596,11.8562,,,,,,,,,,65,,,,
,,,1.027069,1.30151,11.8562,,,,,,,,,,65,,,,
,,,1.027069,1.301502,11.8598,,,,,,,,,,65,,,,
,,,1.027136,1.301543,11.87123,,,,,,,,,,65,,,,
,,,0.9927818,1.30155,11.87123,,,,,,,,,,65,,,,
,,,1.00425,1.301552,11.87415,,,,,,,,,,65,,,,
,,,1.015701,1.286005,11.82329,,,,,,,,,,65,,,,
,,,1.015706,1.286031,11.81746,,,,,,,,,,65,,,,
,,,1.015706,1.384887,11.79425,,,,,,,,,,65,,,,
,,,1.014565,1.382344,11.89106,,,,,,,,,,65,,,,
,,,0.9802108,1.382703,11.86284,,,,,,,,,,65,,,,
,,,0.9916618,1.581938,11.88756,,,,,,,,,,65,,,,
,,,0.9916618,1.581959,11.88756,,,,,,,,,,65,,,,
,,,1.003112,1.58198,11.86161,,,,,,,,,,65,,,,
,,,1.003112,1.582012,11.86161,,,,,,,,,,65,,,,
,,,1.015168,1.598284,11.72535,,,,,,,,,,65,,,,
,,,0.9579134,1.60422,11.71872,,,,,,,,,,65,,,,
,,,0.9693646,1.604303,11.70735,,,,,,,,,,65,,,,
,,,0.969364,1.604279,11.70776,,,,,,,,,,65,,,,
,,,0.9808155,1.46627,11.69318,,,,,,,,,,65,,,,
,,,0.9808152,1.46459,11.68181,,,,,,,,,,65,,,,
,,,0.9808163,1.489314,11.68181,,,,,,,,,,65,,,,
,,,0.9579133,1.489295,11.73021,,,,,,,,,,65,,,,
,,,0.9579149,1.45821,11.6835,,,,,,,,,,65,,,,
,,,0.9121099,1.455387,11.66892,,,,,,,,,,65,,,,
,,,0.8892074,1.462023,11.69598,,,,,,,,,,65,,,,
,,,0.8892083,1.462099,11.68863,,,,,,,,,,65,,,,
,,,0.8892083,1.46208,11.68874,,,,,,,,,,65,,,,
,,,0.8548545,1.514405,11.69283,,,,,,,,,,65,,,,
,,,0.831952,1.503682,11.68396,,,,,,,,,,65,,,,
,,,0.8205006,1.503585,11.68064,,,,,,,,,,79.56,,,,
,,,0.7861468,1.496427,11.66634,,,,,,,,,,79.56,,,,
,,,0.7403414,1.496572,11.67042,,,,,,,,,,79.56,,,,
,,,0.6945372,1.497787,11.67695,,,,,,,,,,79.56,,,,
,,,0.6601836,1.539252,11.62854,,,,,,,,,,79.56,,,,
,,,0.6487374,1.518056,11.69462,,,,,,,,,,79.56,,,,
,,,0.6143824,1.511195,11.69462,,,,,,,,,,79.56,,,,
,,,0.6029314,1.56641,11.69462,,,,,,,,,,79.56,,,,
,,,0.5800296,1.566376,11.70197,,,,,,,,,,79.56,,,,
,,,0.5694697,1.56639,11.70197,,,,,,,,,,79.56,,,,
,,,0.5580186,1.545912,11.63969,,,,,,,,,,79.56,,,,
,,,0.5477293,1.556252,11.65951,,,,,,,,,,79.56,,,,
,,,0.5257232,1.590415,11.65951,,,,,,,,,,79.56,,,,
,,,0.5142699,1.567916,11.49124,,,,,,,,,,79.56,,,,
,,,0.5028236,1.588551,11.49124,,,,,,,,,,79.56,,,,
,,,0.5142703,1.588571,11.5137,,,,,,,,,,79.56,,,,
,,,0.5142754,1.589182,11.50963,,,,,,,,,,79.56,,,,
,,,0.514273,1.591123,11.70581,,,,,,,,,,79.56,,,,
,,,0.5142752,1.590593,11.70581,,,,,,,,,,79.56,,,,
,,,0.5142741,1.590615,11.70581,,,,,,,,,,79.56,,,,
,,,0.5142838,1.608571,11.72827,,,,,,,,,,79.56,,,,
,,,0.514281,1.610594,11.28939,,,,,,,,,,79.56,,,,
,,,0.5371938,1.610765,11.28939,,,,,,,,,,79.56,,,,
,,,0.5371872,1.621575,11.28939,,,,,,,,,,79.56,,,,
,,,0.5371827,1.632622,11.28939,,,,,,,,,,79.56,,,,
,,,0.405233,1.616029,11.28939,,,,,,,,,,79.56,,,,
,,,0.405233,1.624476,11.14388,,,,,,,,,,79.56,,,,
,,,0.4052386,1.652585,11.14389,,,,,,,,,,79.56,,,,
,,,0.4052386,1.654757,11.19229,,,,,,,,,,79.56,,,,
,,,0.3823359,1.644705,11.31849,,,,,,,,,,79.56,,,,
,,,0.3824262,1.651358,11.10189,,,,,,,,,,79.56,,,,
,,,0.3824153,1.629372,11.3337,,,,,,,,,,79.56,,,,
,,,0.382411,1.652572,11.3337,,,,,,,,,,79.56,,,,
,,,0.3593558,1.633315,11.3284,,,,,,,,,,79.56,,,,
,,,0.3595404,1.636684,11.33505,,,,,,,,,,79.56,,,,
,,,0.3709937,1.632445,11.35616,,,,,,,,,,79.56,,,,
,,,0.3710673,1.634797,11.35616,,,,,,,,,,79.56,,,,
,,,0.3935378,1.653286,9.702826,,,,,,,,,,79.56,,,,
,,,0.3935346,1.659348,9.702826,,,,,,,,,,79.56,,,,
,,,0.3935395,1.653322,9.702826,,,,,,,,,,79.56,,,,
,,,0.3935,1.658491,9.702826,,,,,,,,,,79.56,,,,
,,,0.3936839,1.66276,9.702826,,,,,,,,,,79.56,,,,
,,,0.3936839,1.662749,9.702826,,,,,,,,,,79.56,,,,
,,,0.3810565,1.6517,9.588233,,,,,,,,,,79.56,,,,
,,,0.3811319,1.667606,9.74015,,,,,,,,,,79.56,,,,
,,,0.3811319,1.667736,9.74015,,,,,,,,,,79.56,,,,
,,,0.3811319,1.680027,9.718796,,,,,,,,,,79.56,,,,
,,,0.3811341,1.680115,9.722939,,,,,,,,,,79.56,,,,
,,,0.3811341,1.69165,9.722939,,,,,,,,,,79.56,,,,
,,,0.3811341,1.697757,9.722939,,,,,,,,,,79.56,,,,
,,,0.3811355,1.697779,9.722939,,,,,,,,,,79.56,,,,
,,,0.3811355,1.68273,9.722939,,,,,,,,,,79.56,,,,
,,,0.3812826,1.716848,9.722939,,,,,,,,,,79.56,,,,
,,,0.3812831,1.709787,9.694596,,,,,,,,,,79.56,,,,
,,,0.3812847,1.709708,9.417943,,,,,,,,,,79.56,,,,
,,,0.3812853,1.709843,9.401381,,,,,,,,,,79.56,,,,
,,,0.3812499,1.684538,9.401381,,,,,,,,,,79.56,,,,
,,,0.3812506,1.716615,9.401381,,,,,,,,,,79.56,,,,
,,,0.3814345,1.720302,9.374611,,,,,,,,,,79.56,,,,
,,,0.3814364,1.720237,9.449901,,,,,,,,,,79.56,,,,
,,,0.3814364,1.720223,9.373034,,,,,,,,,,74.09,,,,
,,,0.3813997,1.704591,9.420639,,,,,,,,,,74.09,,,,
,,,0.3012429,1.704883,9.419997,,,,,,,,,,74.09,,,,
,,,0.2897915,1.704904,9.419997,,,,,,,,,,74.09,,,,
,,,0.2897947,1.717838,9.422446,,,,,,,,,,74.09,,,,
,,,0.2898701,1.742688,9.035131,,,,,,,,,,74.09,,,,
,,,0.2898701,1.746078,9.006788,,,,,,,,,,74.09,,,,
,,,0.2898701,1.735799,9.006788,,,,,,,,,,74.09,,,,
,,,0.2898749,1.740234,8.069604,,,,,,,,,,74.09,,,,
,,,0.2899107,1.735981,8.069604,,,,,,,,,,74.09,,,,
,,,0.2669715,1.735888,8.069604,,,,,,,,,,74.09,,,,
,,,0.2669715,1.734218,8.043711,,,,,,,,,,74.09,,,,
,,,0.267045,1.734264,8.097305,,,,,,,,,,74.09,,,,
,,,0.267045,1.733387,8.097305,,,,,,,,,,74.09,,,,
,,,0.2650223,1.732091,8.097305,,,,,,,,,,74.09,,,,
,,,0.2650223,1.729476,8.086226,,,,,,,,,,74.09,,,,
,,,0.2650223,1.729451,8.083543,,,,,,,,,,74.09,,,,
,,,0.2650223,1.730621,8.072463,,,,,,,,,,74.09,,,,
,,,0.2650223,1.734598,8.083544,,,,,,,,,,74.09,,,,
,,,0.2556443,1.767766,8.095209,,,,,,,,,,74.09,,,,
,,,0.2556443,1.759461,8.095206,,,,,,,,,,74.09,,,,
,,,0.2556075,1.759722,8.06109,,,,,,,,,,74.09,,,,
,,,0.2556811,1.758963,8.072756,,,,,,,,,,74.09,,,,
,,,0.2556443,1.760927,8.069839,,,,,,,,,,74.09,,,,
,,,0.2556443,1.767526,8.069839,,,,,,,,,,74.09,,,,
,,,0.2556443,1.770599,8.069839,,,,,,,,,,74.09,,,,
,,,0.2556443,1.763279,8.045114,,,,,,,,,,74.09,,,,
,,,0.2543571,1.763431,8.013854,,,,,,,,,,74.09,,,,
,,,0.2543571,1.750955,8.013854,,,,,,,,,,74.09,,,,
,,,0.2543571,1.751091,8.003125,,,,,,,,,,74.09,,,,
,,,0.2543571,1.752459,8.003125,,,,,,,,,,74.09,,,,
,,,0.2543571,1.752689,7.992512,,,,,,,,,,74.09,,,,
,,,0.2543571,1.765302,8.058063,,,,,,,,,,74.09,,,,
,,,0.3001619,1.748999,8.058063,,,,,,,,,,74.09,,,,
,,,0.3475217,1.74174,8.058063,,,,,,,,,,74.09,,,,
,,,0.3360706,1.758904,8.015957,,,,,,,,,,74.09,,,,
,,,0.3360706,1.769846,8.055262,,,,,,,,,,74.09,,,,
,,,0.3360706,1.7513,8.055262,,,,,,,,,,74.09,,,,
,,,0.3360706,1.74764,8.055262,,,,,,,,,,74.09,,,,
,,,0.3025101,1.748768,8.053164,,,,,,,,,,74.09,,,,
,,,0.3368639,1.755088,8.065936,,,,,,,,,,74.09,,,,
,,,0.3372079,1.753725,7.966445,,,,,,,,,,74.09,,,,
,,,0.3257568,1.75057,7.966445,,,,,,,,,,74.09,,,,
,,,0.3144171,1.753614,7.966445,,,,,,,,,,74.09,,,,
,,,0.3031277,1.75917,8.05777,,,,,,,,,,74.09,,,,
,,,0.3031277,1.754904,5.126321,,,,,,,,,,74.09,,,,
,,,0.2916967,1.746503,5.123267,,,,,,,,,,74.09,,,,
,,,0.2802455,1.739088,5.123267,,,,,,,,,,74.09,,,,
,,,0.2687941,1.734424,5.123267,,,,,,,,,,74.09,,,,
,,,0.2687941,1.748046,2.735409,,,,,,,,,,74.09,,,,
,,,0.2573427,1.743129,5.123268,,,,,,,,,,74.09,,,,
,,,0.2458914,1.769556,2.401244,,,,,,,,,,74.09,,,,
,,,0.2458915,1.751312,2.415532,,,,,,,,,,74.09,,,,
,,,0.2344404,1.795492,2.385496,,,,,,,,,,74.09,,,,
,,,0.2229483,1.792096,2.39133,,,,,,,,,,74.09,,,,
,,,0.2229485,1.821262,2.363045,,,,,,,,,,74.09,,,,
,,,0.2114971,1.821749,2.363045,,,,,,,,,,74.09,,,,
,,,0.2114971,1.82171,2.363045,,,,,,,,,,74.09,,,,
,,,0.2000458,1.821688,2.363045,,,,,,,,,,74.09,,,,
,,,0.2000461,1.890646,2.363045,,,,,,,,,,74.09,,,,
,,,0.1885947,1.89642,2.296795,,,,,,,,,,73.98,,,,
,,,0.1885947,1.887858,2.123314,,,,,,,,,,73.98,,,,
,,,0.1771436,1.888176,2.130312,,,,,,,,,,73.98,,,,
,,,0.177143,1.866112,2.355422,,,,,,,,,,73.98,,,,
,,,0.2000542,1.841992,2.07141,,,,,,,,,,73.98,,,,
,,,0.2000539,1.970727,2.07141,,,,,,,,,,73.98,,,,
,,,0.2348666,1.970718,2.07141,,,,,,,,,,73.98,,,,
,,,0.2692205,1.922266,2.07141,,,,,,,,,,73.98,,,,
,,,0.2692205,1.926586,2.07141,,,,,,,,,,73.98,,,,
,,,0.2693502,1.926584,2.074908,,,,,,,,,,73.98,,,,
,,,0.2693507,1.924659,2.074908,,,,,,,,,,73.98,,,,
,,,0.2693506,2.07718,2.074908,,,,,,,,,,73.98,,,,
,,,0.2693509,2.061168,2.074908,,,,,,,,,,73.98,,,,
,,,0.2693509,2.055236,2.074908,,,,,,,,,,73.98,,,,
,,,0.269351,2.050887,2.052456,,,,,,,,,,73.98,,,,
,,,0.2692407,2.027171,2.052456,,,,,,,,,,73.98,,,,
,,,0.258031,2.027101,2.0467,,,,,,,,,,73.98,,,,
,,,0.2580314,2.037671,2.0467,,,,,,,,,,73.98,,,,
,,,0.2580314,2.108222,2.046699,,,,,,,,,,73.98,,,,
,,,0.2580314,2.07907,2.046699,,,,,,,,,,73.98,,,,
,,,0.2694825,2.085761,2.050197,,,,,,,,,,73.98,,,,
,,,0.2693354,2.085749,2.050197,,,,,,,,,,73.98,,,,
,,,0.2693354,2.096022,2.050197,,,,,,,,,,73.98,,,,
,,,0.2578839,2.095994,2.050197,,,,,,,,,,73.98,,,,
,,,0.2807865,2.142343,2.053698,,,,,,,,,,73.98,,,,
,,,0.2922379,2.142165,2.053697,,,,,,,,,,73.98,,,,
,,,0.2692619,2.190878,2.053697,,,,,,,,,,73.98,,,,
,,,0.2807131,2.18465,2.041743,,,,,,,,,,73.98,,,,
,,,0.2921643,2.184001,2.041743,,,,,,,,,,73.98,,,,
,,,0.2921643,2.189252,2.067695,,,,,,,,,,73.98,,,,
,,,0.2692616,2.186607,2.067695,,,,,,,,,,73.98,,,,
,,,0.2921643,2.186576,2.070835,,,,,,,,,,73.98,,,,
,,,0.28075,2.187216,2.077833,,,,,,,,,,73.98,,,,
,,,0.3036522,2.228339,2.077833,,,,,,,,,,73.98,,,,
,,,0.292201,2.228353,2.077833,,,,,,,,,,73.98,,,,
,,,0.3151037,2.22418,2.077833,,,,,,,,,,73.98,,,,
,,,0.3380062,2.224205,2.077833,,,,,,,,,,73.98,,,,
,,,0.3381533,2.19803,2.077833,,,,,,,,,,73.98,,,,
,,,0.3382637,2.196326,2.077833,,,,,,,,,,73.98,,,,
,,,0.3381901,2.208172,2.103786,,,,,,,,,,73.98,,,,
,,,0.3383004,2.189435,2.103786,,,,,,,,,,73.98,,,,
,,,0.3497517,2.197288,2.103786,,,,,,,,,,73.98,,,,
,,,0.3497517,2.197209,2.103786,,,,,,,,,,73.98,,,,
,,,0.3497517,2.193187,2.103785,,,,,,,,,,73.98,,,,
,,,0.3497517,2.193095,2.103785,,,,,,,,,,73.98,,,,
,,,0.3497516,2.182475,2.15219,,,,,,,,,,73.98,,,,
,,,0.3497883,2.182421,2.137265,,,,,,,,,,73.98,,,,
,,,0.3726909,2.172248,2.137265,,,,,,,,,,73.98,,,,
,,,0.3497883,2.172208,2.137265,,,,,,,,,,73.98,,,,
,,,0.3726911,2.172161,2.137265,,,,,,,,,,73.98,,,,
,,,0.3726543,2.172137,2.185669,,,,,,,,,,73.98,,,,
,,,0.3726542,2.175245,2.163216,,,,,,,,,,73.98,,,,
,,,0.3841054,2.175225,2.163216,,,,,,,,,,73.98,,,,
,,,0.3841057,2.175052,2.163216,,,,,,,,,,73.98,,,,
,,,0.3612398,2.154595,2.21162,,,,,,,,,,73.98,,,,
,,,0.3830756,2.156996,2.211622,,,,,,,,,,73.98,,,,
,,,0.3831492,2.183731,2.189169,,,,,,,,,,73.98,,,,
,,,0.3946004,2.160942,2.237575,,,,,,,,,,73.98,,,,
,,,0.3831488,2.160787,2.237575,,,,,,,,,,73.98,,,,
,,,0.3601173,2.188341,2.237574,,,,,,,,,,73.98,,,,
,,,0.3601171,2.161055,2.263524,,,,,,,,,,73.98,,,,
,,,0.3600174,2.167054,2.269609,,,,,,,,,,73.98,,,,
,,,0.3371148,2.170953,2.269609,,,,,,,,,,73.98,,,,
,,,0.3370824,2.165972,2.295562,,,,,,,,,,73.98,,,,
,,,0.3370821,2.165943,2.295562,,,,,,,,,,73.98,,,,
,,,0.3256307,2.17962,2.321514,,,,,,,,,,73.98,,,,
,,,0.3027977,2.175731,2.321514,,,,,,,,,,73.98,,,,
,,,0.2915123,2.175698,2.321514,,,,,,,,,,73.98,,,,
,,,0.2914575,2.175689,2.347466,,,,,,,,,,73.98,,,,
,,,0.2799518,2.175664,2.347466,,,,,,,,,,73.98,,,,
,,,0.2798425,2.172214,2.37342,,,,,,,,,,73.98,,,,
,,,0.2675604,2.17219,2.421822,,,,,,,,,,73.98,,,,
,,,0.2676716,2.179061,2.258238,,,,,,,,,,73.98,,,,
,,,0.2564241,2.179031,2.123522,,,,,,,,,,73.98,,,,
,,,0.2565165,2.179028,2.101069,,,,,,,,,,73.98,,,,
,,,0.2566331,2.179016,2.101069,,,,,,,,,,73.98,,,,
,,,0.2337454,2.178991,2.060675,,,,,,,,,,73.98,,,,
,,,0.2451273,2.180744,2.060675,,,,,,,,,,73.98,,,,
,,,0.2224782,2.183285,1.925959,,,,,,,,,,73.98,,,,
,,,0.2109575,2.183285,1.881054,,,,,,,,,,73.98,,,,
,,,0.2110267,2.18488,1.881054,,,,,,,,,,73.98,,,,
,,,0.1995429,2.184853,1.881054,,,,,,,,,,73.98,,,,
,,,0.1997267,2.184043,1.881054,,,,,,,,,,73.98,,,,
,,,0.1998003,2.185977,1.91377,,,,,,,,,,73.98,,,,
,,,0.1998003,2.185936,1.91377,,,,,,,,,,73.98,,,,
,,,0.2000577,2.18849,1.893883,,,,,,,,,,73.98,,,,
,,,0.1888474,2.188506,1.893883,,,,,,,,,,73.98,,,,
,,,0.1888474,2.188506,1.893883,,,,,,,,,,73.98,,,,
,,,0.1888472,2.19001,1.859241,,,,,,,,,,73.98,,,,
,,,0.1660551,2.190756,1.859241,,,,,,,,,,73.98,,,,
,,,0.1660551,2.190716,1.906714,,,,,,,,,,73.98,,,,
,,,0.1660551,2.190715,1.906714,,,,,,,,,,73.98,,,,
,,,0.154673,2.189432,1.906714,,,,,,,,,,73.98,,,,
,,,0.1432258,2.209599,1.906714,,,,,,,,,,73.98,,,,
,,,0.1432626,2.19202,1.906714,,,,,,,,,,73.98,,,,
,,,0.1432628,2.190669,1.906714,,,,,,,,,,73.98,,,,
,,,0.1432628,2.190641,1.906714,,,,,,,,,,73.98,,,,
,,,0.1433366,2.190223,1.906714,,,,,,,,,,73.98,,,,
,,,0.132354,2.188958,1.906714,,,,,,,,,,73.98,,,,
,,,0.132354,2.188923,1.906714,,,,,,,,,,73.98,,,,
,,,0.132354,2.193584,1.906714,,,,,,,,,,73.98,,,,
,,,0.1326114,2.192744,1.906714,,,,,,,,,,73.98,,,,
,,,0.1326114,2.19026,1.906714,,,,,,,,,,73.98,,,,
,,,0.1326114,2.190227,1.906714,,,,,,,,,,73.98,,,,
,,,0.1325011,2.18938,1.906714,,,,,,,,,,73.98,,,,
,,,0.132685,2.189374,1.906714,,,,,,,,,,73.98,,,,
,,,0.1212337,2.189388,1.9529,,,,,,,,,,73.98,,,,
,,,0.1212337,2.207106,1.9529,,,,,,,,,,73.98,,,,
,,,0.1210866,2.191684,1.9529,,,,,,,,,,73.98,,,,
,,,0.1225216,2.191699,1.9529,,,,,,,,,,73.98,,,,
,,,0.09961871,2.177147,1.9529,,,,,,,,,,73.98,,,,
,,,0.1110706,2.177117,1.9529,,,,,,,,,,73.98,,,,
,,,0.1110706,2.176624,1.9529,,,,,,,,,,73.98,,,,
,,,0.1110706,2.178098,1.9529,,,,,,,,,,73.98,,,,
,,,0.1110703,2.178093,1.905429,,,,,,,,,,73.98,,,,
,,,0.09961889,2.178076,1.905429,,,,,,,,,,73.98,,,,
,,,0.09961889,2.191783,1.905429,,,,,,,,,,73.98,,,,
,,,0.09961874,2.191807,1.905429,,,,,,,,,,73.98,,,,
,,,0.08809386,2.191778,1.905429,,,,,,,,,,73.98,,,,
,,,0.088094,2.191778,1.905429,,,,,,,,,,73.98,,,,
,,,0.088094,2.19178,1.9529,,,,,,,,,,63.73,,,,
,,,0.0883515,2.162346,1.903147,,,,,,,,,,63.73,,,,
,,,0.08835134,1.963406,1.903147,,,,,,,,,,63.73,,,,
,,,0.08835134,1.954831,1.903147,,,,,,,,,,63.73,,,,
,,,0.08835134,1.950553,1.903147,,,,,,,,,,63.73,,,,
,,,0.08835134,1.949615,1.903147,,,,,,,,,,63.73,,,,
,,,0.08835134,1.955585,1.903147,,,,,,,,,,63.73,,,,
,,,0.07690009,1.914927,1.903147,,,,,,,,,,63.73,,,,
,,,0.07690009,1.914942,1.903147,,,,,,,,,,63.73,,,,
,,,0.08835135,1.948434,1.855676,,,,,,,,,,63.73,,,,
,,,0.08835135,1.948422,1.855676,,,,,,,,,,63.73,,,,
,,,0.09980278,1.948435,1.855676,,,,,,,,,,63.73,,,,
,,,0.09980278,1.94841,1.855676,,,,,,,,,,63.73,,,,
,,,0.1112539,1.948405,1.855676,,,,,,,,,,63.73,,,,
,,,0.1112539,1.914643,1.855676,,,,,,,,,,63.73,,,,
,,,0.1112539,1.949798,1.855676,,,,,,,,,,63.73,,,,
,,,0.122705,1.952748,1.849418,,,,,,,,,,63.73,,,,
,,,0.122705,1.902753,1.849418,,,,,,,,,,63.73,,,,
,,,0.122705,1.918959,1.849418,,,,,,,,,,63.73,,,,
,,,0.122705,1.918959,1.849418,,,,,,,,,,63.73,,,,
,,,0.1456079,1.918938,1.849418,,,,,,,,,,63.73,,,,
,,,0.1456079,1.918949,1.849418,,,,,,,,,,63.73,,,,
,,,0.1456079,1.918951,1.849418,,,,,,,,,,63.73,,,,
,,,0.1456079,1.913395,1.849418,,,,,,,,,,63.73,,,,
,,,0.1456079,1.913402,1.849418,,,,,,,,,,63.73,,,,
,,,0.1456079,1.936277,1.849418,,,,,,,,,,63.73,,,,
,,,0.1456079,1.936261,1.849418,,,,,,,,,,63.73,,,,
,,,0.1456079,1.914019,1.849418,,,,,,,,,,63.73,,,,
,,,0.1456079,1.945008,1.849418,,,,,,,,,,63.73,,,,
,,,0.1456079,1.945009,1.849418,,,,,,,,,,63.73,,,,
,,,0.1456079,1.944982,1.849418,,,,,,,,,,63.73,,,,
,,,0.1456079,1.944987,1.735577,,,,,,,,,,63.73,,,,
,,,0.1439161,1.945028,1.735577,,,,,,,,,,63.73,,,,
,,,0.1439161,1.944219,1.735577,,,,,,,,,,63.73,,,,
,,,0.1439161,1.942245,1.735577,,,,,,,,,,63.73,,,,
,,,0.132465,1.942245,1.735577,,,,,,,,,,63.73,,,,
,,,0.1782702,1.942247,1.735577,,,,,,,,,,63.73,,,,
,,,0.1782702,1.942009,1.735577,,,,,,,,,,63.73,,,,
,,,0.1782702,1.942867,1.735577,,,,,,,,,,63.73,,,,
,,,0.1782702,1.94193,1.593163,,,,,,,,,,63.73,,,,
,,,0.1782702,1.94193,1.593163,,,,,,,,,,63.73,,,,
,,,0.1782702,1.941131,1.593163,,,,,,,,,,63.73,,,,
,,,0.1782702,1.916068,1.593163,,,,,,,,,,63.73,,,,
,,,0.1782702,1.914799,1.593163,,,,,,,,,,63.73,,,,
,,,0.186776,1.914772,1.593163,,,,,,,,,,63.73,,,,
,,,0.1753247,1.914772,1.593163,,,,,,,,,,63.73,,,,
,,,0.198227,1.913132,1.523164,,,,,,,,,,63.73,,,,
,,,0.198227,1.929925,1.523164,,,,,,,,,,63.73,,,,
,,,0.198227,1.929925,1.523164,,,,,,,,,,63.73,,,,
,,,0.198227,1.948319,1.523164,,,,,,,,,,63.73,,,,
,,,0.198227,1.948326,1.523164,,,,,,,,,,63.73,,,,
,,,0.198227,1.948328,1.523164,,,,,,,,,,63.73,,,,
,,,0.2096782,1.950126,1.523164,,,,,,,,,,63.73,,,,
,,,0.2096782,1.941356,1.523164,,,,,,,,,,63.73,,,,
,,,0.2096782,1.941337,1.523164,,,,,,,,,,63.73,,,,
,,,0.1750828,1.949183,1.523164,,,,,,,,,,63.73,,,,
,,,0.1750828,1.949183,1.523164,,,,,,,,,,63.73,,,,
,,,0.1750828,2.009838,1.523164,,,,,,,,,,63.73,,,,
,,,0.1750828,1.993858,1.523164,,,,,,,,,,63.73,,,,
,,,0.1750828,1.992206,1.474759,,,,,,,,,,63.73,,,,
